EmployeeID,Age,Department,TenureMonths,Salary,OvertimeHours,PerformanceScore,SupervisorRating,ShiftType,Exit,TenureBand,HighOvertimeFlag,LowPerformanceFlag,ReplacementCost,AttritionRiskScore
1,59,Operations,36,44640.0,6,3,1,Night,0,24+,0,0,13392.0,0.3578048431306609
2,49,Tech,30,44479.0,16,4,5,Night,0,24+,0,0,13343.699999999999,0.2809241766039929
3,35,Tech,55,57753.0,38,4,4,Night,0,24+,1,0,17325.899999999998,0.39473664469464853
4,28,Sales,49,51662.0,35,3,1,Night,1,24+,1,0,15498.599999999999,0.518608016014864
5,41,Finance,55,56750.0,39,5,2,Day,1,24+,1,0,17025.0,0.458214325994961
6,59,Sales,33,44920.0,3,3,3,Rotational,0,24+,0,0,13476.0,0.32136352536833235
7,39,HR,18,35769.0,37,5,1,Night,0,12-24,1,0,10730.699999999999,0.714097471080882
8,43,Sales,52,59108.0,24,2,1,Day,0,24+,0,1,17732.399999999998,0.4011263997942501
9,31,Sales,49,58136.0,4,3,2,Night,0,24+,0,0,17440.8,0.21704888997332283
10,31,Operations,59,62594.0,29,5,4,Day,1,24+,1,0,18778.2,0.36375561157218217
11,44,Tech,28,43748.0,11,3,1,Day,0,24+,0,0,13124.4,0.3653940837339471
12,56,Finance,59,59433.0,3,3,1,Day,0,24+,0,0,17829.899999999998,0.22234917662001594
13,44,Sales,47,50310.0,23,5,4,Rotational,0,24+,0,0,15093.0,0.2371070971543717
14,23,Finance,11,36744.0,28,5,2,Day,1,6-12,1,0,11023.199999999999,0.6994192263829228
15,42,Sales,57,59009.0,8,1,1,Day,0,24+,0,1,17702.7,0.40375068055199503
16,22,HR,54,65532.0,3,3,4,Rotational,0,24+,0,0,19659.6,0.14476424278488853
17,44,Sales,45,55761.0,23,4,1,Rotational,0,24+,0,0,16728.3,0.24756203230365187
18,50,Operations,33,47446.0,13,3,3,Day,0,24+,0,0,14233.8,0.2890872066294661
19,58,Tech,17,38375.0,4,3,5,Rotational,0,12-24,0,0,11512.5,0.35347336498095516
20,22,HR,6,36004.0,17,5,3,Night,0,0-6,0,0,10801.199999999999,0.42095723547393765
21,41,Sales,4,29253.0,18,3,1,Night,1,0-6,0,0,8775.9,0.5205035054289909
22,53,Finance,20,43419.0,11,3,2,Rotational,0,12-24,0,0,13025.699999999999,0.3615071106906725
23,32,HR,48,50739.0,17,4,5,Rotational,0,24+,0,0,15221.699999999999,0.2126875775023417
24,42,HR,47,51815.0,16,5,3,Day,0,24+,0,0,15544.5,0.2492775135542391
25,45,Sales,27,37985.0,29,3,4,Rotational,0,24+,1,0,11395.5,0.6184745644262433
26,47,HR,15,39342.0,23,2,2,Day,0,12-24,0,1,11802.6,0.612829373048733
27,48,Finance,6,33750.0,10,1,3,Night,1,0-6,0,1,10125.0,0.657370783427359
28,36,HR,47,51816.0,34,4,4,Rotational,0,24+,1,0,15544.8,0.46412711313182126
29,35,Finance,14,34213.0,22,3,1,Day,0,12-24,0,0,10263.9,0.45347494983530917
30,23,Sales,11,39636.0,16,2,4,Day,1,6-12,0,1,11890.8,0.5696274732023386
31,57,Tech,39,49099.0,0,3,3,Night,0,24+,0,0,14729.699999999999,0.2839263208743447
32,27,HR,9,32198.0,14,3,3,Rotational,0,6-12,0,0,9659.4,0.439195439560121
33,41,Tech,26,48766.0,31,5,1,Night,1,24+,1,0,14629.8,0.6049532591809651
34,29,Finance,16,36029.0,8,5,4,Day,0,12-24,0,0,10808.699999999999,0.39661184028701224
35,59,HR,5,35916.0,14,5,4,Day,0,0-6,0,0,10774.8,0.4191469227497491
36,38,Operations,57,55047.0,27,2,1,Rotational,1,24+,1,1,16514.1,0.7049840139493379
37,24,Tech,52,54935.0,23,3,4,Day,0,24+,0,0,16480.5,0.18730566582515826
38,45,HR,10,36507.0,34,1,1,Rotational,1,6-12,1,1,10952.1,0.8549522362719272
39,34,Tech,50,54826.0,21,4,2,Night,0,24+,0,0,16447.8,0.23011237019501085
40,29,HR,3,32231.0,26,5,3,Rotational,0,0-6,1,0,9669.3,0.7278331532820956
41,46,Sales,13,34883.0,18,5,2,Rotational,0,12-24,0,0,10464.9,0.4519362833044093
42,22,Tech,43,46707.0,11,3,5,Day,0,24+,0,0,14012.1,0.23950780365419555
43,40,Operations,49,58897.0,19,3,5,Day,0,24+,0,0,17669.1,0.16241113250121922
44,48,Operations,30,43567.0,0,2,5,Rotational,0,24+,0,1,13070.1,0.5113554945242831
45,27,Finance,54,57867.0,20,2,1,Day,1,24+,0,1,17360.1,0.40701879329629503
46,28,HR,45,54606.0,0,5,4,Day,0,24+,0,0,16381.8,0.22545667128055064
47,55,Tech,6,33926.0,9,3,2,Day,1,0-6,0,0,10177.8,0.4682235079081475
48,34,Finance,17,36374.0,31,1,2,Rotational,1,12-24,1,1,10912.199999999999,0.8374892585213943
49,37,Tech,59,62979.0,38,4,2,Day,0,24+,1,0,18893.7,0.38849876478333745
50,56,HR,45,54041.0,21,3,2,Rotational,0,24+,0,0,16212.3,0.24121789886303324
51,24,Operations,51,56096.0,17,3,5,Day,0,24+,0,0,16828.8,0.17243731209663835
52,22,Sales,53,57027.0,31,2,2,Night,0,24+,1,1,17108.1,0.6651624378647868
53,26,Operations,19,44547.0,26,4,4,Day,0,12-24,1,0,13364.1,0.5766696863751434
54,24,Finance,42,48810.0,27,5,5,Day,0,24+,1,0,14643.0,0.4872810710564191
55,49,Sales,35,48746.0,17,3,2,Rotational,0,24+,0,0,14623.8,0.2917571479883917
56,38,Finance,46,51414.0,38,5,1,Rotational,0,24+,1,0,15424.199999999999,0.5429401612384723
57,46,HR,26,37191.0,28,3,3,Day,1,24+,1,0,11157.3,0.6493779074781155
58,54,Sales,51,49612.0,17,5,3,Night,0,24+,0,0,14883.599999999999,0.26284140820920865
59,30,Finance,5,29456.0,7,4,3,Day,0,0-6,0,0,8836.8,0.48749844196639797
60,56,HR,29,42525.0,30,2,5,Day,1,24+,1,1,12757.5,0.7581555389559844
61,34,Operations,37,55019.0,33,4,2,Night,0,24+,1,0,16505.7,0.4965045093444183
62,51,HR,20,42095.0,6,1,5,Rotational,1,12-24,0,1,12628.5,0.5257644847594437
63,35,Tech,49,56865.0,35,2,4,Day,0,24+,1,1,17059.5,0.6307942072950321
64,28,HR,21,38589.0,17,4,1,Rotational,1,12-24,0,0,11576.699999999999,0.41512311911277083
65,34,HR,10,35184.0,37,1,1,Rotational,1,6-12,1,1,10555.199999999999,0.8569184880406632
66,43,Tech,5,39418.0,8,3,3,Night,1,0-6,0,0,11825.4,0.3945782740135242
67,41,Finance,36,44357.0,8,3,3,Night,0,24+,0,0,13307.1,0.31043293593212434
68,36,Finance,6,34369.0,7,5,3,Rotational,0,0-6,0,0,10310.699999999999,0.4525146193883747
69,38,HR,26,47834.0,34,2,2,Day,1,24+,1,1,14350.199999999999,0.7678516587946593
70,44,Tech,4,34898.0,17,3,4,Rotational,0,0-6,0,0,10469.4,0.40381330013442207
71,46,Tech,39,54905.0,4,2,4,Day,0,24+,0,1,16471.5,0.41342695901336385
72,45,Operations,39,50139.0,13,3,4,Day,0,24+,0,0,15041.699999999999,0.2433686424987169
73,49,Finance,50,56810.0,27,5,4,Night,0,24+,1,0,17043.0,0.4364357891573454
74,35,Sales,35,47829.0,29,4,3,Day,0,24+,1,0,14348.699999999999,0.5465563963223565
75,21,Finance,1,32100.0,3,5,1,Day,1,0-6,0,0,9630.0,0.5248617207358605
76,45,Finance,24,39254.0,38,1,3,Rotational,1,12-24,1,1,11776.199999999999,0.8001334398584272
77,27,Operations,57,60877.0,19,3,4,Night,0,24+,0,0,18263.1,0.1557525902023547
78,29,Sales,36,48883.0,24,1,3,Day,0,24+,0,1,14664.9,0.4564911696113745
79,44,Operations,6,33188.0,27,1,4,Day,1,0-6,1,1,9956.4,0.841901664448028
80,21,Sales,41,55739.0,11,2,5,Night,1,24+,0,1,16721.7,0.36401187399190643
81,28,HR,54,56204.0,1,3,1,Rotational,0,24+,0,0,16861.2,0.24190500368906412
82,44,Sales,46,56623.0,13,1,5,Night,0,24+,0,1,16986.899999999998,0.3486882202556249
83,31,Operations,44,55922.0,21,4,2,Night,0,24+,0,0,16776.6,0.22861093246192948
84,37,Finance,57,61067.0,30,1,3,Day,1,24+,1,1,18320.1,0.6033157413439881
85,28,Sales,31,42605.0,22,4,2,Day,0,24+,0,0,12781.5,0.33985066973339556
86,55,Sales,20,41077.0,19,2,3,Rotational,0,12-24,0,1,12323.1,0.5757883993332424
87,55,Tech,24,47875.0,37,1,5,Day,1,12-24,1,1,14362.5,0.7132696501731132
88,53,Finance,25,37044.0,3,5,4,Day,0,24+,0,0,11113.199999999999,0.38984552434112096
89,25,HR,36,47437.0,14,2,4,Night,0,24+,0,1,14231.1,0.4647057046471377
90,59,Operations,21,43987.0,23,4,3,Day,1,12-24,0,0,13196.1,0.3321278747962619
91,48,HR,30,44654.0,24,2,4,Rotational,0,24+,0,1,13396.199999999999,0.4971536489664643
92,27,Finance,24,44430.0,0,1,5,Night,1,12-24,0,1,13329.0,0.49538720618624277
93,29,Sales,44,56228.0,6,3,4,Rotational,0,24+,0,0,16868.399999999998,0.20097191860142466
94,28,Sales,42,51696.0,30,3,5,Night,0,24+,1,0,15508.8,0.4427073704089711
95,32,Finance,30,46527.0,11,4,2,Day,0,24+,0,0,13958.1,0.32227415158316003
96,54,Sales,22,41276.0,4,4,5,Night,1,12-24,0,0,12382.8,0.32911543048718156
97,53,Sales,28,44893.0,37,3,1,Night,0,24+,1,0,13467.9,0.6176679558761993
98,43,Sales,7,39808.0,11,4,1,Day,0,6-12,0,0,11942.4,0.4378293863428259
99,44,Operations,35,47308.0,38,2,1,Day,1,24+,1,1,14192.4,0.7763965082210899
100,57,Operations,55,56441.0,17,5,3,Rotational,0,24+,0,0,16932.3,0.2144673760614258
101,55,Tech,28,47125.0,1,5,3,Rotational,0,24+,0,0,14137.5,0.3257957743594992
102,42,HR,14,34471.0,9,2,3,Day,0,12-24,0,1,10341.3,0.6468900343037783
103,47,Finance,56,56156.0,14,5,5,Day,0,24+,0,0,16846.8,0.18524672739056938
104,55,Finance,10,33175.0,29,1,3,Day,1,6-12,1,1,9952.5,0.8519667361868887
105,21,Finance,16,37232.0,16,2,2,Night,0,12-24,0,1,11169.6,0.6267409089001067
106,55,Tech,16,37363.0,3,4,1,Night,0,12-24,0,0,11208.9,0.4602977474028559
107,57,Operations,54,59097.0,6,2,5,Night,1,24+,0,1,17729.1,0.3372634544085557
108,34,Tech,31,44473.0,30,3,1,Day,0,24+,1,0,13341.9,0.617033948634125
109,23,Finance,42,53218.0,38,4,3,Rotational,0,24+,1,0,15965.4,0.4719812514390184
110,21,HR,25,45093.0,33,3,5,Day,0,24+,1,0,13527.9,0.5216889122035185
111,25,Sales,13,34539.0,5,4,4,Night,0,12-24,0,0,10361.699999999999,0.4075321327259481
112,46,Operations,6,35528.0,37,5,2,Night,1,0-6,1,0,10658.4,0.7142717098283079
113,34,Operations,44,54800.0,33,2,3,Day,1,24+,1,1,16440.0,0.677078669523486
114,59,Tech,9,29217.0,14,1,3,Day,1,6-12,0,1,8765.1,0.6895556248958076
115,47,Operations,45,53380.0,13,4,2,Night,0,24+,0,0,16014.0,0.2560183707734106
116,29,Finance,36,46481.0,5,4,2,Night,0,24+,0,0,13944.3,0.31960623922788356
117,35,Finance,56,61909.0,36,3,4,Night,0,24+,1,0,18572.7,0.352300522434696
118,35,Tech,43,49950.0,31,5,3,Day,0,24+,1,0,14985.0,0.5215109887309982
119,46,Finance,20,35982.0,2,3,3,Night,1,12-24,0,0,10794.6,0.41053512945565124
120,33,HR,18,38911.0,2,3,1,Night,0,12-24,0,0,11673.3,0.4271815770166425
121,52,Tech,58,56309.0,21,5,5,Rotational,0,24+,0,0,16892.7,0.17910324461573376
122,59,HR,43,54049.0,21,1,5,Day,0,24+,0,1,16214.699999999999,0.37174498340033557
123,52,Sales,57,56074.0,9,3,1,Rotational,1,24+,0,0,16822.2,0.24010219513948872
124,24,HR,21,40447.0,2,3,5,Rotational,0,12-24,0,0,12134.1,0.3206438495198989
125,50,Sales,4,36637.0,11,4,2,Night,0,0-6,0,0,10991.1,0.45085049907042274
126,57,Sales,50,58296.0,28,5,5,Day,0,24+,1,0,17488.8,0.4030191720868909
127,43,HR,33,47934.0,16,2,5,Night,0,24+,0,1,14380.199999999999,0.4470701648669947
128,59,Tech,27,43117.0,6,1,1,Day,0,24+,0,1,12935.1,0.6000458296459087
129,35,Finance,7,34649.0,12,1,4,Rotational,0,6-12,0,1,10394.699999999999,0.6200976666831927
130,49,Finance,6,35067.0,1,5,5,Day,0,0-6,0,0,10520.1,0.4131315558361654
131,56,Sales,15,34540.0,3,4,5,Night,0,12-24,0,0,10362.0,0.39710104700041204
132,33,Sales,18,41554.0,9,4,4,Night,0,12-24,0,0,12466.199999999999,0.33988015009724315
133,52,Tech,32,42695.0,38,5,1,Night,0,24+,1,0,12808.5,0.6448696929814759
134,27,Operations,56,59717.0,23,4,4,Day,1,24+,0,0,17915.1,0.16430921918537916
135,42,HR,11,32179.0,16,1,1,Rotational,1,6-12,0,1,9653.699999999999,0.6953490530986304
136,48,Sales,20,45888.0,5,1,2,Rotational,0,12-24,0,1,13766.4,0.5600835332952158
137,22,Finance,24,44290.0,18,2,1,Day,1,12-24,0,1,13287.0,0.5740724218625908
138,26,Tech,15,32832.0,4,5,2,Night,0,12-24,0,0,9849.6,0.4750112908327665
139,48,HR,48,53997.0,31,3,2,Rotational,1,24+,1,0,16199.099999999999,0.48882698546577874
140,48,Tech,7,31936.0,9,3,1,Night,0,6-12,0,0,9580.8,0.5048322560119911
141,40,HR,21,38581.0,8,2,3,Day,1,12-24,0,1,11574.3,0.6023272867319991
142,50,HR,42,51441.0,26,2,1,Night,0,24+,1,1,15432.3,0.7534841130681957
143,31,Sales,26,40216.0,12,4,5,Rotational,1,24+,0,0,12064.8,0.3158684990135939
144,48,Tech,44,54284.0,18,2,5,Rotational,1,24+,0,1,16285.199999999999,0.3751460937001296
145,45,Tech,56,60114.0,20,2,3,Night,0,24+,0,1,18034.2,0.3488386649831464
146,59,Finance,14,38054.0,23,3,2,Day,0,12-24,0,0,11416.199999999999,0.4054923965467158
147,53,Finance,57,58441.0,37,4,3,Night,0,24+,1,0,17532.3,0.41635766424590376
148,21,Sales,37,50479.0,3,2,5,Day,1,24+,0,1,15143.699999999999,0.42398038208785493
149,47,Sales,58,61374.0,23,2,3,Night,0,24+,0,1,18412.2,0.3335199456015391
150,33,Operations,21,41865.0,34,4,1,Rotational,1,12-24,1,0,12559.5,0.6560936587731181
151,23,Finance,18,35064.0,2,5,3,Day,0,12-24,0,0,10519.199999999999,0.4286935517413041
152,59,HR,5,30135.0,3,4,2,Day,0,0-6,0,0,9040.5,0.5210277547245756
153,26,Tech,3,30696.0,36,3,1,Day,0,0-6,1,0,9208.8,0.7512735447026975
154,28,Sales,23,37073.0,39,5,4,Rotational,1,12-24,1,0,11121.9,0.6303949081288022
155,47,Tech,26,43672.0,34,1,5,Night,1,24+,1,1,13101.6,0.7411686807177409
156,29,Tech,37,52733.0,30,4,5,Rotational,0,24+,1,0,15819.9,0.4496420637897154
157,57,Operations,24,45755.0,24,3,3,Day,0,12-24,0,0,13726.5,0.3052219176639838
158,53,Finance,49,56719.0,39,5,1,Night,1,24+,1,0,17015.7,0.4955119864042172
159,44,Sales,19,41683.0,12,4,4,Rotational,0,12-24,0,0,12504.9,0.3385241053985476
160,35,Tech,51,62146.0,3,2,1,Day,0,24+,0,1,18643.8,0.3959221100941182
161,52,Sales,25,45032.0,13,4,5,Day,0,24+,0,0,13509.6,0.2867923639090263
162,52,HR,21,43277.0,12,1,1,Rotational,0,12-24,0,1,12983.1,0.5979821713984019
163,44,Operations,12,31683.0,26,4,4,Rotational,0,6-12,1,0,9504.9,0.7001975730155767
164,32,HR,57,62498.0,5,5,3,Rotational,0,24+,0,0,18749.399999999998,0.1798968029005019
165,59,Sales,41,51695.0,16,5,2,Day,0,24+,0,0,15508.5,0.28063566700584036
166,22,Sales,33,46261.0,35,4,1,Rotational,1,24+,1,0,13878.3,0.5965101428436825
167,23,Finance,50,54017.0,39,5,2,Day,0,24+,1,0,16205.099999999999,0.48295812716824493
168,57,Tech,53,54854.0,34,2,5,Rotational,0,24+,1,1,16456.2,0.6303131067184399
169,37,Tech,4,35770.0,16,4,3,Day,0,0-6,0,0,10731.0,0.42496136047250743
170,22,HR,42,50915.0,1,2,3,Day,0,24+,0,1,15274.5,0.46072286966190784
171,22,Operations,57,56965.0,12,2,1,Night,0,24+,0,1,17089.5,0.41737467535847084
172,48,Tech,7,31185.0,1,3,3,Rotational,0,6-12,0,0,9355.5,0.4747226757081089
173,43,Finance,22,41512.0,27,4,1,Rotational,1,12-24,1,0,12453.6,0.6684835257250856
174,57,HR,55,56421.0,25,5,1,Day,0,24+,0,0,16926.3,0.24054292810915234
175,52,HR,33,44737.0,21,2,2,Day,0,24+,0,1,13421.1,0.5429215079009473
176,53,Finance,17,34354.0,2,3,3,Day,0,12-24,0,0,10306.199999999999,0.4322057627085541
177,21,Operations,24,44878.0,34,4,1,Night,0,12-24,1,0,13463.4,0.6220921583469666
178,39,Finance,34,46586.0,11,4,2,Night,0,24+,0,0,13975.8,0.31908499715265093
179,22,Operations,28,40744.0,23,1,4,Day,1,24+,0,1,12223.199999999999,0.5174773292134475
180,46,Finance,58,58186.0,4,1,2,Rotational,1,24+,0,1,17455.8,0.3933492477290437
181,52,Finance,43,53147.0,19,2,2,Rotational,0,24+,0,1,15944.099999999999,0.4540379569903518
182,26,Sales,41,50587.0,38,1,1,Night,0,24+,1,1,15176.099999999999,0.7360807928117541
183,52,HR,39,50073.0,38,2,5,Night,0,24+,1,1,15021.9,0.6824558402747948
184,24,Finance,22,41128.0,12,5,5,Day,0,12-24,0,0,12338.4,0.31872688009104866
185,31,Finance,49,50669.0,11,2,5,Rotational,1,24+,0,1,15200.699999999999,0.3999395066268005
186,37,Tech,17,41346.0,12,1,2,Day,1,12-24,0,1,12403.8,0.5924561745655808
187,58,HR,34,41875.0,9,5,1,Night,1,24+,0,0,12562.5,0.3964506585467579
188,44,Tech,6,34385.0,32,1,3,Rotational,1,0-6,1,1,10315.5,0.8453177072163595
189,25,HR,46,54847.0,39,2,2,Rotational,0,24+,1,1,16454.1,0.6848849601553194
190,54,Tech,6,32340.0,15,3,2,Night,1,0-6,0,0,9702.0,0.47532462398177655
191,26,Finance,34,48060.0,34,4,1,Day,0,24+,1,0,14418.0,0.5819704624141543
192,42,Finance,1,29669.0,2,1,4,Day,1,0-6,0,1,8900.699999999999,0.6822757843101922
193,31,Sales,10,36096.0,4,2,2,Rotational,1,6-12,0,1,10828.8,0.6608787497015
194,36,Tech,21,43479.0,25,5,4,Night,0,12-24,0,0,13043.699999999999,0.3130222539712411
195,53,Operations,5,30124.0,10,1,4,Rotational,0,0-6,0,1,9037.199999999999,0.6693875279837802
196,29,Sales,2,33022.0,6,1,5,Night,0,0-6,0,1,9906.6,0.6235044540924345
197,26,Tech,22,46077.0,9,4,1,Day,0,12-24,0,0,13823.1,0.35723351614941423
198,36,Tech,48,54794.0,33,2,4,Night,1,24+,1,1,16438.2,0.6519472473845797
199,49,Sales,57,56991.0,2,3,1,Day,0,24+,0,0,17097.3,0.23894765255799832
200,23,Finance,2,37790.0,7,5,5,Night,1,0-6,0,0,11337.0,0.3783784782662972
201,40,Tech,10,35266.0,30,2,1,Rotational,1,6-12,1,1,10579.8,0.8656112920114502
202,56,Finance,34,47695.0,10,5,2,Day,0,24+,0,0,14308.5,0.3248693462316519
203,39,Sales,16,38757.0,6,1,4,Rotational,0,12-24,0,1,11627.1,0.579458439833846
204,46,Finance,48,55344.0,1,4,1,Rotational,1,24+,0,0,16603.2,0.26679608271864586
205,23,HR,51,54483.0,5,4,3,Day,0,24+,0,0,16344.9,0.22464939345258544
206,39,Operations,39,50070.0,31,3,1,Day,0,24+,1,0,15021.0,0.5570788716702498
207,40,Tech,22,43857.0,19,4,4,Rotational,0,12-24,0,0,13157.1,0.3088464573872873
208,52,Operations,12,34880.0,33,1,5,Rotational,1,6-12,1,1,10464.0,0.8128467520283156
209,27,Finance,24,40740.0,15,3,5,Rotational,0,12-24,0,0,12222.0,0.30282164858045535
210,53,Tech,47,52624.0,24,2,4,Rotational,0,24+,0,1,15787.199999999999,0.4025131860384353
211,59,Finance,40,46707.0,11,4,2,Day,0,24+,0,0,14012.1,0.31750610572712873
212,38,HR,38,46951.0,6,3,2,Day,0,24+,0,0,14085.3,0.3083061204707517
213,21,Sales,59,57329.0,38,1,5,Rotational,0,24+,1,1,17198.7,0.5733010372470342
214,31,Tech,10,34998.0,16,5,5,Night,0,6-12,0,0,10499.4,0.3843275745903987
215,48,HR,35,50008.0,10,5,4,Night,0,24+,0,0,15002.4,0.26520510558720056
216,45,HR,51,59861.0,5,1,2,Day,1,24+,0,1,17958.3,0.387475928452399
217,43,Tech,49,54672.0,22,1,5,Rotational,0,24+,0,1,16401.6,0.3509420305873587
218,51,Finance,32,47369.0,26,5,2,Rotational,1,24+,1,0,14210.699999999999,0.5957835676383658
219,50,HR,7,34230.0,5,3,5,Day,0,6-12,0,0,10269.0,0.39870400446750826
220,55,Operations,21,34220.0,37,5,1,Night,1,12-24,1,0,10266.0,0.7271370669239863
221,27,HR,20,36556.0,1,1,3,Night,0,12-24,0,1,10966.8,0.615653634820606
222,36,Finance,26,45284.0,21,4,1,Night,1,24+,0,0,13585.199999999999,0.3495842320239345
223,46,Finance,4,34575.0,19,2,5,Day,0,0-6,0,1,10372.5,0.607987258785679
224,22,Operations,46,55507.0,24,4,3,Night,1,24+,0,0,16652.1,0.20848800710503343
225,21,HR,52,55467.0,14,4,3,Day,0,24+,0,0,16640.1,0.20999908510754414
226,32,Finance,22,35015.0,28,1,5,Day,0,12-24,1,1,10504.5,0.8010182975372715
227,25,Tech,15,34414.0,7,5,5,Rotational,0,12-24,0,0,10324.199999999999,0.3895475739925507
228,57,Sales,56,55373.0,36,3,2,Night,0,24+,1,0,16611.899999999998,0.4623745851624692
229,52,Sales,40,51886.0,32,4,5,Day,0,24+,1,0,15565.8,0.46002328456042246
230,29,Sales,21,39428.0,21,5,4,Night,0,12-24,0,0,11828.4,0.3469479860702728
231,55,HR,15,42571.0,4,3,5,Night,0,12-24,0,0,12771.3,0.3210470932878823
232,39,Operations,22,45403.0,38,4,4,Rotational,1,12-24,1,0,13620.9,0.5564747759455589
233,36,Finance,52,61021.0,17,3,5,Night,0,24+,0,0,18306.3,0.15018465540069384
234,23,Tech,28,41250.0,37,5,2,Rotational,1,24+,1,0,12375.0,0.6311564813971917
235,40,Tech,14,38473.0,36,2,4,Day,1,12-24,1,1,11541.9,0.8050807751353329
236,44,HR,27,42067.0,29,5,1,Night,1,24+,1,0,12620.1,0.6631343263561515
237,53,Sales,41,51484.0,30,1,4,Day,1,24+,1,1,15445.199999999999,0.6896151112352523
238,44,HR,40,47583.0,9,3,2,Night,0,24+,0,0,14274.9,0.30011598370268544
239,31,Operations,58,62678.0,14,2,4,Day,0,24+,0,1,18803.399999999998,0.30631448211680007
240,28,Operations,28,41639.0,17,3,5,Night,0,24+,0,0,12491.699999999999,0.28942899366345043
241,56,Finance,26,37158.0,22,3,5,Night,1,24+,0,0,11147.4,0.33191271213358026
242,58,Finance,49,60601.0,32,4,2,Night,0,24+,1,0,18180.3,0.43919325230691736
243,40,Operations,2,32327.0,15,1,3,Night,0,0-6,0,1,9698.1,0.6662434275493838
244,55,Operations,25,39293.0,37,3,5,Night,1,24+,1,0,11787.9,0.583161889990321
245,45,Operations,56,57513.0,34,5,1,Night,0,24+,1,0,17253.899999999998,0.4801029994892636
246,55,HR,3,29769.0,33,5,2,Night,1,0-6,1,0,8930.699999999999,0.7643348545865148
247,45,Operations,8,34017.0,27,4,4,Night,0,6-12,1,0,10205.1,0.6867241642874999
248,49,Tech,44,54408.0,1,1,4,Night,0,24+,0,1,16322.4,0.40682527237608257
249,38,Sales,33,48437.0,29,1,1,Day,0,24+,1,1,14531.1,0.7708616909993318
250,38,Operations,42,51761.0,12,5,5,Rotational,0,24+,0,0,15528.3,0.22391749686226103
251,22,Sales,52,56016.0,15,2,2,Night,1,24+,0,1,16804.8,0.4074003270899612
252,55,HR,35,50736.0,4,4,1,Rotational,0,24+,0,0,15220.8,0.3178211134923598
253,36,Sales,6,27224.0,27,4,5,Night,1,0-6,1,0,8167.2,0.7183402608953527
254,56,HR,39,47253.0,38,5,2,Night,1,24+,1,0,14175.9,0.5752733340727201
255,53,Tech,52,53064.0,19,5,4,Day,0,24+,0,0,15919.199999999999,0.2200316432035765
256,24,HR,23,44519.0,23,2,2,Day,0,12-24,0,1,13355.699999999999,0.5460215338717687
257,53,HR,25,40283.0,26,2,3,Rotational,0,24+,1,1,12084.9,0.8093278278699322
258,34,Finance,59,55642.0,29,1,2,Day,1,24+,1,1,16692.6,0.6672411183492138
259,41,Operations,50,56648.0,26,4,3,Day,0,24+,1,0,16994.399999999998,0.4501156035716533
260,40,Operations,43,48774.0,25,4,2,Rotational,0,24+,0,0,14632.199999999999,0.27808083594974214
261,28,Tech,19,38448.0,6,5,3,Day,0,12-24,0,0,11534.4,0.39510227658515884
262,27,Tech,5,39643.0,37,1,4,Night,1,0-6,1,1,11892.9,0.7974240636674298
263,23,Operations,51,57861.0,4,4,5,Rotational,0,24+,0,0,17358.3,0.17638229916788792
264,37,Finance,11,34867.0,22,1,3,Rotational,1,6-12,0,1,10460.1,0.6242703186735588
265,53,Operations,56,57637.0,27,1,3,Night,1,24+,1,1,17291.1,0.6434112560242907
266,32,Finance,12,38722.0,33,5,4,Day,0,6-12,1,0,11616.6,0.6398361338580937
267,42,Tech,10,36989.0,14,1,3,Rotational,0,6-12,0,1,11096.699999999999,0.61813083378063
268,42,Sales,8,34227.0,31,2,1,Rotational,1,6-12,1,1,10268.1,0.8711614187580495
269,50,Tech,24,42311.0,25,2,4,Night,0,12-24,0,1,12693.3,0.5271436472006323
270,58,Tech,28,39560.0,30,3,1,Night,1,24+,1,0,11868.0,0.6711624838764659
271,58,HR,41,45430.0,18,5,4,Day,0,24+,0,0,13629.0,0.2871892859177739
272,28,HR,36,47470.0,8,3,3,Rotational,0,24+,0,0,14241.0,0.2823671050256681
273,47,HR,37,46600.0,28,2,1,Day,1,24+,1,1,13980.0,0.7873498161642764
274,47,HR,21,42258.0,38,3,3,Day,0,12-24,1,0,12677.4,0.6031801697723839
275,54,Finance,8,34592.0,3,5,4,Night,1,6-12,0,0,10377.6,0.43670826737493074
276,41,Operations,55,55182.0,2,5,3,Rotational,0,24+,0,0,16554.6,0.22956083372515468
277,50,Sales,9,34990.0,28,1,1,Rotational,1,6-12,1,1,10497.0,0.8665505164497006
278,53,Tech,47,52245.0,10,4,1,Rotational,0,24+,0,0,15673.5,0.28458458422293664
279,48,Finance,15,43700.0,32,1,3,Night,1,12-24,1,1,13110.0,0.7879519868308347
280,53,Sales,48,55159.0,37,5,2,Night,1,24+,1,0,16547.7,0.49042170636279375
281,25,Finance,46,48318.0,10,2,4,Night,1,24+,0,1,14495.4,0.4463097487082971
282,39,Finance,40,55462.0,26,2,4,Night,0,24+,1,1,16638.6,0.6656771739788367
283,24,Tech,18,37101.0,32,1,3,Night,1,12-24,1,1,11130.3,0.8166540316820631
284,55,Operations,42,48076.0,20,5,2,Rotational,0,24+,0,0,14422.8,0.3013280385408581
285,37,HR,20,46431.0,38,2,1,Day,1,12-24,1,1,13929.3,0.7950472402691124
286,48,Operations,6,34038.0,30,5,5,Rotational,0,0-6,1,0,10211.4,0.6746180105254541
287,50,Tech,12,38102.0,37,2,5,Day,1,6-12,1,1,11430.6,0.796393841796397
288,49,Tech,2,33199.0,1,5,3,Night,1,0-6,0,0,9959.699999999999,0.4813104499177077
289,26,Tech,7,32882.0,26,3,2,Day,1,6-12,1,0,9864.6,0.7222013409831263
290,55,Sales,16,36283.0,35,5,2,Rotational,0,12-24,1,0,10884.9,0.7010944422937828
291,57,Operations,3,30272.0,10,5,4,Rotational,0,0-6,0,0,9081.6,0.4763949699865578
292,44,Operations,45,57327.0,17,1,1,Day,0,24+,0,1,17198.1,0.42702441575304334
293,49,Finance,3,32111.0,0,3,2,Night,0,0-6,0,0,9633.3,0.4969414815853726
294,51,Finance,27,47439.0,34,4,5,Night,0,24+,1,0,14231.699999999999,0.5172211064643067
295,55,Finance,50,54771.0,34,1,1,Rotational,1,24+,1,1,16431.3,0.7080936896968653
296,53,Tech,43,49234.0,30,4,1,Day,0,24+,1,0,14770.199999999999,0.5737543856225072
297,41,Operations,40,45673.0,27,2,3,Night,0,24+,1,1,13701.9,0.7567207444002465
298,52,Tech,38,50944.0,38,4,2,Night,0,24+,1,0,15283.199999999999,0.533714234584675
299,43,Sales,33,51582.0,0,5,3,Rotational,0,24+,0,0,15474.599999999999,0.28197597604455105
300,53,Finance,28,41342.0,24,4,2,Night,0,24+,0,0,12402.6,0.36184200131250793
301,23,Tech,1,32040.0,37,1,4,Day,1,0-6,1,1,9612.0,0.8407256257906606
302,38,Tech,55,53373.0,19,1,3,Rotational,0,24+,0,1,16011.9,0.39785019388625376
303,45,Sales,8,32333.0,2,4,3,Rotational,1,6-12,0,0,9699.9,0.46887010610892116
304,51,HR,37,49304.0,1,1,5,Day,1,24+,0,1,14791.199999999999,0.4406828420074835
305,23,Operations,32,40815.0,17,1,3,Rotational,0,24+,0,1,12244.5,0.5409984017818019
306,44,HR,48,53946.0,9,4,2,Night,0,24+,0,0,16183.8,0.25120425178823214
307,52,Finance,43,48990.0,4,3,5,Night,0,24+,0,0,14697.0,0.23936207389435915
308,42,Tech,37,50314.0,8,3,3,Day,1,24+,0,0,15094.199999999999,0.26529845436957633
309,43,Sales,4,31504.0,1,2,3,Night,1,0-6,0,1,9451.199999999999,0.6924694398890927
310,22,Sales,30,47818.0,33,1,4,Day,0,24+,1,1,14345.4,0.7175612627118044
311,47,Operations,6,32161.0,37,4,3,Day,1,0-6,1,0,9648.3,0.7138445516949684
312,22,HR,46,48913.0,30,1,1,Night,0,24+,1,1,14673.9,0.747632778219282
313,46,Operations,54,52539.0,9,5,5,Day,1,24+,0,0,15761.699999999999,0.21136403830202605
314,37,Tech,19,33773.0,11,1,1,Night,1,12-24,0,1,10131.9,0.6755741670929384
315,53,Operations,32,47899.0,35,1,5,Rotational,0,24+,1,1,14369.699999999999,0.7043001112136502
316,29,Sales,9,42173.0,20,3,4,Rotational,0,6-12,0,0,12651.9,0.32683692826943705
317,59,Sales,12,37306.0,5,4,3,Day,0,6-12,0,0,11191.8,0.42076956668414367
318,49,Finance,11,40516.0,2,1,3,Night,0,6-12,0,1,12154.8,0.6020590733316733
319,46,Finance,46,56401.0,9,3,3,Night,0,24+,0,0,16920.3,0.21555397137110438
320,55,Tech,55,55945.0,4,2,5,Rotational,0,24+,0,1,16783.5,0.3632212604896803
321,45,HR,16,41796.0,25,3,3,Rotational,0,12-24,0,0,12538.8,0.34183308688289016
322,44,Operations,1,29064.0,20,3,1,Night,1,0-6,0,0,8719.199999999999,0.5257124238233388
323,33,Tech,45,51124.0,25,3,3,Day,0,24+,0,0,15337.199999999999,0.23344275746219592
324,27,Finance,55,56874.0,37,1,4,Rotational,0,24+,1,1,17062.2,0.6089137248997745
325,56,Operations,53,56016.0,25,1,1,Day,1,24+,0,1,16804.8,0.42280284354819
326,40,Finance,21,42484.0,7,2,3,Day,0,12-24,0,1,12745.199999999999,0.5690861230711605
327,21,Operations,30,42987.0,4,5,3,Rotational,1,24+,0,0,12896.1,0.34081206407287495
328,28,HR,13,39167.0,14,5,2,Day,0,12-24,0,0,11750.1,0.41093841647804213
329,36,Tech,34,49624.0,15,5,5,Day,0,24+,0,0,14887.199999999999,0.24340524545110365
330,34,Operations,4,33029.0,0,2,1,Night,0,0-6,0,1,9908.699999999999,0.7171103793502904
331,32,Sales,28,49819.0,15,5,2,Day,0,24+,0,0,14945.699999999999,0.3025560356037206
332,43,Sales,38,52862.0,36,5,4,Night,0,24+,1,0,15858.599999999999,0.47728522076802016
333,35,Operations,58,62209.0,2,3,5,Rotational,0,24+,0,0,18662.7,0.14858274150668505
334,48,Operations,31,45698.0,30,1,1,Rotational,0,24+,1,1,13709.4,0.7919613572836888
335,54,Operations,59,60555.0,12,1,3,Night,0,24+,0,1,18166.5,0.3451239109704977
336,22,Sales,55,59071.0,15,3,1,Rotational,0,24+,0,0,17721.3,0.2097828375080914
337,52,Sales,27,43540.0,20,3,3,Day,0,24+,0,0,13062.0,0.32072904108054157
338,43,Operations,5,31373.0,1,3,5,Day,1,0-6,0,0,9411.9,0.42835880453699415
339,42,Finance,25,35283.0,26,1,3,Day,1,24+,1,1,10584.9,0.8284822788358982
340,45,Finance,3,33653.0,37,5,4,Rotational,1,0-6,1,0,10095.9,0.6934809830462187
341,42,HR,33,49624.0,25,3,3,Day,0,24+,0,0,14887.199999999999,0.2598092306401731
342,42,Tech,4,28517.0,37,2,4,Rotational,1,0-6,1,1,8555.1,0.8628104163361097
343,26,Finance,25,44316.0,24,3,5,Day,1,24+,0,0,13294.8,0.26650480965572215
344,35,Sales,20,38225.0,10,4,5,Night,0,12-24,0,0,11467.5,0.34332766701696615
345,57,Finance,34,45900.0,7,3,1,Rotational,0,24+,0,0,13770.0,0.34832051886882187
346,53,HR,26,46932.0,7,1,4,Rotational,0,24+,0,1,14079.6,0.49557141618014344
347,28,HR,5,29528.0,32,3,4,Day,1,0-6,1,0,8858.4,0.7070034809160844
348,25,Tech,35,44524.0,6,4,2,Rotational,0,24+,0,0,13357.199999999999,0.3340837950040887
349,59,Finance,28,49415.0,37,2,2,Rotational,1,24+,1,1,14824.5,0.7591706459331885
350,24,Sales,29,44063.0,20,5,2,Night,0,24+,0,0,13218.9,0.33882546582451895
351,26,Sales,9,38240.0,7,3,3,Night,0,6-12,0,0,11472.0,0.39332057449745667
352,52,Operations,52,51204.0,20,4,2,Day,0,24+,0,0,15361.199999999999,0.2585081999466886
353,50,Sales,38,44444.0,19,4,4,Night,0,24+,0,0,13333.199999999999,0.2876414898940097
354,55,Tech,50,52261.0,7,2,3,Day,0,24+,0,1,15678.3,0.4435117204686997
355,36,Tech,6,31556.0,30,1,5,Day,1,0-6,1,1,9466.8,0.8337544424862463
356,33,Sales,19,35290.0,28,3,1,Day,0,12-24,1,0,10587.0,0.7089270706362475
357,50,Sales,44,53108.0,8,4,2,Rotational,1,24+,0,0,15932.4,0.26443825356995593
358,39,Operations,57,59804.0,14,2,5,Night,0,24+,0,1,17941.2,0.3130572266946364
359,37,Sales,11,32806.0,29,5,4,Day,0,6-12,1,0,9841.8,0.6946499093761694
360,39,Operations,2,28544.0,25,4,1,Night,1,0-6,0,0,8563.199999999999,0.5295611699714542
361,48,Operations,47,51440.0,9,2,5,Day,1,24+,0,1,15432.0,0.4051416869261024
362,46,Sales,44,48505.0,28,1,1,Night,0,24+,1,1,14551.5,0.7617181912804073
363,57,HR,44,43313.0,15,1,2,Night,0,24+,0,1,12993.9,0.5397169426118417
364,46,HR,9,34245.0,35,4,4,Day,1,6-12,1,0,10273.5,0.6760535439415938
365,43,Operations,21,39209.0,19,4,1,Rotational,0,12-24,0,0,11762.699999999999,0.4135273932225886
366,29,Sales,24,41016.0,36,3,5,Night,1,12-24,1,0,12304.8,0.5598244138435831
367,32,HR,34,43965.0,21,2,2,Rotational,0,24+,0,1,13189.5,0.5400835589493602
368,21,Sales,22,43431.0,6,4,2,Rotational,1,12-24,0,0,13029.3,0.3593500365958118
369,21,Sales,3,38776.0,22,3,5,Day,0,0-6,0,0,11632.8,0.3367934100587667
370,54,Sales,12,33498.0,39,3,5,Day,0,6-12,1,0,10049.4,0.6488154703437842
371,52,Finance,28,48199.0,28,4,1,Day,0,24+,1,0,14459.699999999999,0.6065649582741084
372,45,Sales,30,46100.0,15,1,3,Night,1,24+,0,1,13830.0,0.5076399007310743
373,21,Finance,26,43106.0,37,2,2,Day,0,24+,1,1,12931.8,0.7901268248185204
374,36,Operations,48,52968.0,27,2,1,Day,1,24+,1,1,15890.4,0.7305979555232428
375,59,HR,21,40250.0,37,1,5,Night,1,12-24,1,1,12075.0,0.7707925244800669
376,25,HR,28,47449.0,30,4,1,Night,0,24+,1,0,14234.699999999999,0.6001042698946034
377,42,HR,56,54586.0,13,2,5,Day,0,24+,0,1,16375.8,0.35872022444106205
378,49,HR,26,42175.0,32,4,4,Day,0,24+,1,0,12652.5,0.589978506731991
379,23,HR,33,50247.0,8,4,5,Day,1,24+,0,0,15074.099999999999,0.23609525099365689
380,32,HR,21,43451.0,26,3,5,Day,1,12-24,1,0,13035.3,0.5549970573518163
381,46,HR,35,44132.0,23,1,5,Rotational,0,24+,0,1,13239.6,0.46322119170728704
382,36,Operations,52,55452.0,12,4,3,Rotational,1,24+,0,0,16635.6,0.2158164450930284
383,57,Sales,34,49184.0,25,5,5,Day,0,24+,0,0,14755.199999999999,0.2444004794262319
384,42,Tech,41,52490.0,28,1,2,Rotational,0,24+,1,1,15747.0,0.7184646136675296
385,49,Finance,51,58425.0,27,2,2,Night,0,24+,1,1,17527.5,0.6706420992058283
386,34,Tech,47,54653.0,27,3,1,Rotational,1,24+,1,0,16395.899999999998,0.5061401473261115
387,48,Tech,18,40656.0,7,2,3,Rotational,1,12-24,0,1,12196.8,0.5928949745419196
388,25,Sales,58,60028.0,22,2,1,Day,0,24+,0,1,18008.399999999998,0.37957257608133427
389,50,Sales,11,40239.0,28,1,2,Rotational,0,6-12,1,1,12071.699999999999,0.8286538781660853
390,25,Sales,57,57235.0,4,2,2,Rotational,0,24+,0,1,17170.5,0.402759233627306
391,32,HR,23,41645.0,6,4,4,Rotational,0,12-24,0,0,12493.5,0.33506961315148454
392,36,Operations,48,50955.0,35,2,5,Rotational,1,24+,1,1,15286.5,0.660524661940201
393,46,HR,22,37364.0,26,3,2,Night,1,12-24,1,0,11209.199999999999,0.6760069906556341
394,46,Operations,17,39475.0,1,3,1,Day,0,12-24,0,0,11842.5,0.4300843483958555
395,41,Operations,5,30327.0,24,5,1,Day,1,0-6,0,0,9098.1,0.5193002302627198
396,59,Tech,44,51827.0,8,3,5,Night,1,24+,0,0,15548.099999999999,0.21896203726388574
397,56,Tech,11,40353.0,26,2,5,Rotational,1,6-12,1,1,12105.9,0.7938832296471094
398,53,Operations,30,49680.0,0,3,4,Night,0,24+,0,0,14904.0,0.27080424623161914
399,50,Operations,15,44172.0,22,1,3,Rotational,0,12-24,0,1,13251.6,0.5418077909003731
400,57,HR,27,48413.0,9,3,1,Night,0,24+,0,0,14523.9,0.3352783690304986
401,43,HR,35,54709.0,24,4,5,Day,0,24+,0,0,16412.7,0.1997575009255662
402,30,Tech,33,47810.0,2,1,1,Day,1,24+,0,1,14343.0,0.5421329190685962
403,25,Sales,20,37291.0,5,5,5,Day,0,12-24,0,0,11187.3,0.36015142252698057
404,56,Operations,16,34999.0,5,4,2,Rotational,1,12-24,0,0,10499.699999999999,0.4568655609072876
405,54,HR,34,51189.0,1,2,1,Rotational,1,24+,0,1,15356.699999999999,0.5296423615414206
406,51,Tech,2,31155.0,17,2,2,Night,0,0-6,0,1,9346.5,0.7045235137131536
407,30,HR,35,47878.0,22,2,1,Night,1,24+,0,1,14363.4,0.5242048148971238
408,39,Operations,40,48353.0,1,4,3,Day,0,24+,0,0,14505.9,0.2880487399912838
409,52,Operations,56,56712.0,11,4,4,Rotational,0,24+,0,0,17013.6,0.19450817300535714
410,21,Finance,28,45151.0,21,4,2,Night,0,24+,0,0,13545.3,0.3218419071216221
411,25,Sales,47,50334.0,36,1,5,Rotational,1,24+,1,1,15100.199999999999,0.6541870614070662
412,24,Finance,39,50271.0,19,1,3,Rotational,0,24+,0,1,15081.3,0.4431198035952396
413,36,Tech,6,37533.0,38,2,1,Day,1,0-6,1,1,11259.9,0.8533911401967451
414,44,HR,9,28099.0,23,3,2,Day,0,6-12,0,0,8429.699999999999,0.49593775463421014
415,36,Tech,20,35376.0,19,2,1,Rotational,1,12-24,0,1,10612.8,0.6603623836248809
416,22,Operations,1,32527.0,0,5,1,Rotational,0,0-6,0,0,9758.1,0.524828409684573
417,48,Finance,8,38092.0,0,1,1,Rotational,1,6-12,0,1,11427.6,0.6708156768617093
418,52,Finance,55,56030.0,16,4,4,Rotational,0,24+,0,0,16809.0,0.1957608269575428
419,47,Finance,23,35505.0,0,1,4,Day,0,12-24,0,1,10651.5,0.6075323135185218
420,40,Tech,3,35796.0,29,4,5,Night,1,0-6,1,0,10738.8,0.65496170863157
421,44,Operations,4,29567.0,2,5,2,Day,0,0-6,0,0,8870.1,0.530990162446959
422,32,HR,58,57916.0,10,5,3,Night,0,24+,0,0,17374.8,0.2010632750769642
423,55,HR,25,43457.0,23,1,3,Rotational,0,24+,0,1,13037.1,0.5341673310011267
424,53,Tech,47,51501.0,21,4,3,Night,0,24+,0,0,15450.3,0.24428814883545064
425,53,Finance,38,46372.0,25,5,1,Day,0,24+,0,0,13911.6,0.3342588940802087
426,57,Sales,15,34927.0,12,2,4,Day,0,12-24,0,1,10478.1,0.6229343886944966
427,32,Tech,21,46074.0,0,2,2,Rotational,0,12-24,0,1,13822.199999999999,0.5642902473602486
428,23,Tech,35,50979.0,23,4,1,Day,0,24+,0,0,15293.699999999999,0.28643741651095733
429,21,Operations,57,60224.0,9,1,4,Rotational,0,24+,0,1,18067.2,0.32082357397832717
430,53,HR,53,49941.0,34,5,4,Day,1,24+,1,0,14982.3,0.48754812886557647
431,30,Tech,53,58235.0,23,1,2,Day,0,24+,0,1,17470.5,0.3732698509824659
432,49,Tech,46,54573.0,27,2,2,Rotational,0,24+,1,1,16371.9,0.7070470314174007
433,33,Finance,52,52166.0,35,5,2,Night,0,24+,1,0,15649.8,0.5054551381756414
434,32,Finance,14,37776.0,15,1,1,Day,0,12-24,0,1,11332.8,0.6438007700618351
435,51,Sales,36,51154.0,39,3,5,Night,0,24+,1,0,15346.199999999999,0.45588973544879624
436,22,Operations,12,37708.0,15,4,2,Day,0,6-12,0,0,11312.4,0.41351051559441404
437,55,Sales,17,36459.0,16,4,5,Day,0,12-24,0,0,10937.699999999999,0.36348516052727625
438,43,Finance,39,49540.0,14,3,1,Day,0,24+,0,0,14862.0,0.3006824600501097
439,37,HR,9,36691.0,15,2,5,Day,1,6-12,0,1,11007.3,0.5829941782735092
440,46,Finance,35,47678.0,14,5,3,Night,0,24+,0,0,14303.4,0.29650389996270626
441,28,Operations,13,40263.0,33,4,5,Night,0,12-24,1,0,12078.9,0.5938948953696531
442,49,Finance,15,38687.0,10,3,2,Day,0,12-24,0,0,11606.1,0.4087775416684127
443,46,Operations,18,41259.0,0,3,1,Day,0,12-24,0,0,12377.699999999999,0.4139356937347683
444,30,Operations,51,57964.0,14,2,2,Night,1,24+,0,1,17389.2,0.39617368093110417
445,46,Operations,33,43300.0,25,2,3,Rotational,1,24+,0,1,12990.0,0.5259361343583535
446,54,Operations,6,33150.0,3,1,2,Rotational,1,0-6,0,1,9945.0,0.69156978369852
447,27,Operations,59,58503.0,4,4,2,Night,0,24+,0,0,17550.899999999998,0.20922167653992227
448,24,HR,27,46632.0,34,1,2,Day,1,24+,1,1,13989.6,0.7643400608755788
449,31,Sales,23,42890.0,12,3,4,Day,0,12-24,0,0,12867.0,0.3114496605406168
450,49,Tech,59,58935.0,9,5,3,Rotational,0,24+,0,0,17680.5,0.19945042232493002
451,56,Sales,27,39654.0,10,5,2,Rotational,0,24+,0,0,11896.199999999999,0.4019354720235701
452,45,Operations,34,42209.0,17,2,2,Night,1,24+,0,1,12662.699999999999,0.5657053400107497
453,41,HR,56,58931.0,33,5,2,Rotational,1,24+,1,0,17679.3,0.44390369927189877
454,56,Finance,46,50848.0,38,5,1,Night,1,24+,1,0,15254.4,0.5554646607520219
455,30,HR,38,50998.0,22,5,4,Rotational,0,24+,0,0,15299.4,0.2390381112335842
456,57,Operations,14,32071.0,6,3,1,Rotational,0,12-24,0,0,9621.3,0.500205264005356
457,29,HR,36,52779.0,38,5,4,Rotational,0,24+,1,0,15833.699999999999,0.47294672393600323
458,44,HR,53,58492.0,2,5,2,Day,0,24+,0,0,17547.6,0.2276468502877083
459,55,Operations,8,34298.0,11,5,3,Day,0,6-12,0,0,10289.4,0.4534944838757014
460,55,HR,35,52549.0,6,1,5,Day,0,24+,0,1,15764.699999999999,0.41091795555855326
461,56,Tech,19,42345.0,25,3,5,Rotational,0,12-24,0,0,12703.5,0.2975259006013367
462,38,Tech,30,43575.0,32,2,2,Night,1,24+,1,1,13072.5,0.7917798059434829
463,59,HR,14,37233.0,36,1,1,Night,1,12-24,1,1,11169.9,0.850395184816428
464,52,Finance,59,53607.0,14,4,3,Night,0,24+,0,0,16082.099999999999,0.2230445405082886
465,44,Operations,20,43193.0,1,3,4,Night,0,12-24,0,0,12957.9,0.32864862986043114
466,43,Tech,49,53612.0,6,3,2,Day,0,24+,0,0,16083.599999999999,0.24826358891634356
467,52,Finance,25,36568.0,31,4,3,Day,1,24+,1,0,10970.4,0.6626378651310084
468,57,HR,40,46454.0,3,4,3,Rotational,0,24+,0,0,13936.199999999999,0.30681528876913233
469,32,Finance,24,44613.0,19,4,4,Rotational,0,12-24,0,0,13383.9,0.2976740447431601
470,33,Sales,14,41841.0,35,2,3,Night,1,12-24,1,1,12552.3,0.7991791433700955
471,43,Tech,26,43061.0,31,5,1,Day,1,24+,1,0,12918.3,0.6539571242725913
472,45,HR,38,46054.0,27,3,1,Night,1,24+,1,0,13816.199999999999,0.600930524969781
473,55,Operations,23,37238.0,12,5,1,Rotational,0,12-24,0,0,11171.4,0.4491222177828232
474,50,HR,22,45244.0,0,5,3,Rotational,0,12-24,0,0,13573.199999999999,0.34830012380342423
475,37,Operations,48,55348.0,34,4,1,Night,0,24+,1,0,16604.399999999998,0.500037993486311
476,40,HR,57,57510.0,29,2,4,Rotational,1,24+,1,1,17253.0,0.6223598308060636
477,45,Finance,19,37795.0,35,1,3,Night,0,12-24,1,1,11338.5,0.8151742007055149
478,42,Finance,46,55015.0,24,2,5,Day,1,24+,0,1,16504.5,0.3575036653493916
479,33,Finance,51,57433.0,15,5,3,Night,0,24+,0,0,17229.899999999998,0.20735282244136108
480,39,Sales,3,28810.0,18,2,4,Day,1,0-6,0,1,8643.0,0.6767969163714426
481,56,Operations,42,47573.0,0,4,5,Day,0,24+,0,0,14271.9,0.2611493669778176
482,32,Finance,19,36224.0,4,1,3,Rotational,0,12-24,0,1,10867.199999999999,0.6186665063170638
483,39,Sales,9,33095.0,21,4,1,Rotational,0,6-12,0,0,9928.5,0.4823038312094005
484,32,Operations,28,41931.0,23,1,2,Rotational,1,24+,0,1,12579.3,0.5567163269269009
485,29,HR,20,44854.0,36,5,2,Night,0,12-24,1,0,13456.199999999999,0.6152355497914007
486,27,Sales,45,50989.0,35,1,1,Night,1,24+,1,1,15296.699999999999,0.7315072869464136
487,48,Tech,7,29751.0,35,1,2,Rotational,1,6-12,1,1,8925.3,0.8749611571857578
488,34,Sales,14,33420.0,3,1,2,Night,0,12-24,0,1,10026.0,0.671704451354477
489,51,Sales,9,33948.0,35,2,1,Rotational,1,6-12,1,1,10184.4,0.8712568922252709
490,39,Operations,59,54034.0,17,2,1,Night,1,24+,0,1,16210.199999999999,0.44182966798540124
491,36,HR,55,57320.0,15,5,3,Day,1,24+,0,0,17196.0,0.20488558842065407
492,25,Tech,57,54491.0,17,1,3,Day,1,24+,0,1,16347.3,0.3823305076386314
493,55,Finance,19,42976.0,21,3,1,Rotational,0,12-24,0,0,12892.8,0.37827849479644265
494,32,Finance,47,53850.0,1,5,4,Night,0,24+,0,0,16155.0,0.22851881855133008
495,45,Sales,52,62363.0,20,1,2,Night,1,24+,0,1,18708.899999999998,0.3490522909412332
496,41,Operations,14,36315.0,35,1,3,Day,1,12-24,1,1,10894.5,0.8265313978647301
497,56,Operations,56,48605.0,38,2,2,Day,0,24+,1,1,14581.5,0.7307922928028099
498,43,Finance,38,53373.0,38,5,5,Rotational,0,24+,1,0,16011.9,0.44751215907775477
499,36,Tech,53,58006.0,28,1,1,Day,0,24+,1,1,17401.8,0.6783683269852703
500,59,HR,36,49971.0,25,1,4,Rotational,1,24+,0,1,14991.3,0.43522519763748446
501,59,Tech,40,46992.0,20,5,5,Day,0,24+,0,0,14097.6,0.25744381593574933
502,34,HR,17,38371.0,16,3,5,Day,0,12-24,0,0,11511.3,0.33214672611243434
503,51,Finance,30,45559.0,15,5,5,Night,0,24+,0,0,13667.699999999999,0.28143017092583617
504,25,HR,9,33787.0,30,5,1,Day,1,6-12,1,0,10136.1,0.7408262685610104
505,55,Operations,33,41297.0,8,3,3,Day,0,24+,0,0,12389.1,0.3439918909240712
506,43,Sales,56,66306.0,30,5,1,Rotational,0,24+,1,0,19891.8,0.40522267738634427
507,49,Sales,52,58507.0,13,1,3,Day,1,24+,0,1,17552.1,0.368927610505057
508,31,Finance,25,43762.0,36,5,5,Rotational,0,24+,1,0,13128.6,0.5512400772002264
509,38,Operations,14,40942.0,1,3,5,Day,0,12-24,0,0,12282.6,0.33214304302929415
510,32,Tech,11,37433.0,13,4,4,Day,0,6-12,0,0,11229.9,0.3794454647595085
511,29,Operations,53,54468.0,32,5,3,Rotational,0,24+,1,0,16340.4,0.46185508842277256
512,30,Sales,35,51249.0,34,2,5,Night,0,24+,1,1,15374.699999999999,0.6743922670437191
513,37,Sales,41,53057.0,38,1,2,Rotational,1,24+,1,1,15917.099999999999,0.7031422443638974
514,58,Operations,59,57582.0,19,1,4,Rotational,1,24+,0,1,17274.6,0.3429722683307846
515,27,Operations,14,39370.0,1,2,1,Rotational,0,12-24,0,1,11811.0,0.6509882931789827
516,33,Sales,30,44278.0,18,2,4,Night,0,24+,0,1,13283.4,0.5011475099867762
517,29,Tech,41,51125.0,36,5,2,Day,1,24+,1,0,15337.5,0.5286844248825262
518,47,Finance,4,33799.0,17,2,3,Rotational,1,0-6,0,1,10139.699999999999,0.6597296103512771
519,22,Finance,59,63605.0,15,4,1,Rotational,0,24+,0,0,19081.5,0.18525510362441588
520,25,Operations,4,30062.0,3,3,1,Night,0,0-6,0,0,9018.6,0.5235922720033037
521,49,Finance,28,45095.0,11,2,3,Rotational,0,24+,0,1,13528.5,0.5344048232862552
522,57,Sales,8,40047.0,28,2,4,Day,1,6-12,1,1,12014.1,0.8119023687553784
523,58,Sales,2,30472.0,6,4,5,Night,0,0-6,0,0,9141.6,0.44974441931195214
524,39,Operations,41,51090.0,13,1,4,Day,0,24+,0,1,15327.0,0.42310647797535367
525,28,Operations,46,59043.0,11,1,2,Day,0,24+,0,1,17712.899999999998,0.3884611299760365
526,21,Operations,22,42912.0,34,5,5,Night,0,12-24,1,0,12873.6,0.5614606380303726
527,42,Tech,41,46078.0,4,4,4,Rotational,0,24+,0,0,13823.4,0.2830864287210397
528,37,Finance,56,55614.0,16,3,3,Day,0,24+,0,0,16684.2,0.2025150647414539
529,27,Operations,55,59569.0,31,3,2,Day,0,24+,1,0,17870.7,0.4196385346256337
530,45,HR,16,39269.0,9,4,2,Day,0,12-24,0,0,11780.699999999999,0.40986730258817944
531,24,HR,29,44988.0,16,3,2,Day,1,24+,0,0,13496.4,0.3205132657237099
532,56,Sales,49,60984.0,4,1,5,Night,1,24+,0,1,18295.2,0.3229878558493094
533,26,Finance,48,52148.0,8,3,1,Night,1,24+,0,0,15644.4,0.2701026007002612
534,51,Operations,30,44777.0,32,3,5,Day,1,24+,1,0,13433.1,0.5306355748277323
535,39,HR,12,30111.0,35,4,4,Rotational,1,6-12,1,0,9033.3,0.7017946364892588
536,59,Finance,35,50982.0,35,4,1,Day,1,24+,1,0,15294.599999999999,0.566930864889798
537,47,Sales,11,33103.0,17,3,4,Rotational,0,6-12,0,0,9930.9,0.41052586697625115
538,30,Tech,46,56171.0,8,2,1,Day,0,24+,0,1,16851.3,0.4485261915131101
539,46,Finance,50,57856.0,28,4,5,Rotational,1,24+,1,0,17356.8,0.39434378720001345
540,39,Finance,21,47547.0,13,5,2,Day,0,12-24,0,0,14264.1,0.3341264880479715
541,59,Tech,21,42448.0,24,5,3,Rotational,0,12-24,0,0,12734.4,0.35125789202892804
542,23,Finance,5,31432.0,14,1,2,Day,1,0-6,0,1,9429.6,0.6843625259835625
543,33,Sales,48,55361.0,5,3,5,Day,0,24+,0,0,16608.3,0.18940850708364146
544,48,Sales,20,37722.0,28,2,1,Rotational,1,12-24,1,1,11316.6,0.8501280680041851
545,40,Tech,37,49457.0,14,1,2,Night,1,24+,0,1,14837.099999999999,0.4886988866209853
546,48,Operations,3,30897.0,28,3,5,Rotational,1,0-6,1,0,9269.1,0.6905741124788096
547,28,HR,44,51789.0,3,4,4,Night,1,24+,0,0,15536.699999999999,0.23624706012796423
548,59,Operations,33,43805.0,17,5,3,Day,0,24+,0,0,13141.5,0.33106569738538183
549,21,Finance,53,57401.0,38,2,2,Rotational,1,24+,1,1,17220.3,0.6545735817623324
550,23,HR,9,36973.0,15,5,1,Rotational,1,6-12,0,0,11091.9,0.4558481437348215
551,33,Tech,9,29544.0,10,4,4,Rotational,1,6-12,0,0,8863.199999999999,0.4555635287043221
552,48,Tech,4,29934.0,13,3,5,Night,1,0-6,0,0,8980.199999999999,0.43126250526399706
553,45,HR,35,48004.0,2,4,3,Night,0,24+,0,0,14401.199999999999,0.2980651847608179
554,53,Sales,17,31458.0,37,4,1,Day,0,12-24,1,0,9437.4,0.7441058573572089
555,58,HR,34,52221.0,17,5,5,Night,0,24+,0,0,15666.3,0.23134734652133102
556,26,Finance,24,39867.0,19,2,5,Night,1,12-24,0,1,11960.1,0.5231142472668823
557,52,Sales,32,43186.0,24,4,2,Day,1,24+,0,0,12955.8,0.34070813545511663
558,41,Tech,1,29878.0,37,5,2,Rotational,1,0-6,1,0,8963.4,0.7582491404879638
559,36,HR,8,34412.0,12,2,1,Rotational,0,6-12,0,1,10323.6,0.6909125136921287
560,41,Operations,45,50231.0,3,3,5,Day,1,24+,0,0,15069.3,0.22668870412948275
561,31,Operations,23,44441.0,13,3,2,Rotational,0,12-24,0,0,13332.3,0.33851706839145695
562,57,Finance,47,54699.0,32,1,3,Night,0,24+,1,1,16409.7,0.6759197477625322
563,56,Operations,40,47488.0,27,5,3,Day,1,24+,1,0,14246.4,0.5614087956688939
564,55,HR,12,34433.0,36,2,5,Day,1,6-12,1,1,10329.9,0.8190521743213106
565,39,HR,54,52450.0,7,4,2,Day,0,24+,0,0,15735.0,0.2547525403925398
566,40,Operations,12,32240.0,33,3,1,Rotational,0,6-12,1,0,9672.0,0.7373112606216754
567,38,HR,46,54163.0,4,2,1,Day,0,24+,0,1,16248.9,0.4744818160872786
568,34,Finance,47,51019.0,4,5,1,Day,0,24+,0,0,15305.699999999999,0.2998715454644703
569,35,Sales,15,42913.0,30,1,3,Day,0,12-24,1,1,12873.9,0.7906088030140491
570,51,Finance,41,50713.0,8,3,2,Rotational,0,24+,0,0,15213.9,0.2788634995146971
571,21,Finance,19,35442.0,31,2,2,Night,0,12-24,1,1,10632.6,0.8420374316322904
572,23,HR,26,39570.0,32,2,3,Day,1,24+,1,1,11871.0,0.8002729790683062
573,36,Sales,52,59159.0,2,2,1,Night,0,24+,0,1,17747.7,0.42215741367278503
574,43,HR,29,44270.0,29,5,1,Rotational,0,24+,1,0,13281.0,0.6418952150271491
575,31,Tech,22,43976.0,11,5,5,Rotational,0,12-24,0,0,13192.8,0.30012332156403315
576,32,HR,40,48901.0,28,5,4,Rotational,1,24+,1,0,14670.3,0.5147054672275571
577,30,HR,21,38819.0,2,4,2,Rotational,1,12-24,0,0,11645.699999999999,0.4081728161669126
578,52,HR,51,58858.0,25,2,2,Night,0,24+,0,1,17657.399999999998,0.3852479945207443
579,36,Sales,38,46424.0,29,3,2,Day,0,24+,1,0,13927.199999999999,0.5694546078754347
580,28,HR,20,41467.0,8,5,4,Rotational,0,12-24,0,0,12440.1,0.34462190991428027
581,58,Sales,57,57865.0,25,5,5,Rotational,0,24+,0,0,17359.5,0.1706428156655483
582,32,Operations,29,47136.0,1,2,4,Night,0,24+,0,1,14140.8,0.4957112580160328
583,44,Tech,51,60955.0,2,5,1,Night,0,24+,0,0,18286.5,0.23027167939717144
584,48,Sales,4,30823.0,3,4,1,Rotational,1,0-6,0,0,9246.9,0.5346985082292236
585,28,Operations,55,55859.0,24,4,2,Day,0,24+,0,0,16757.7,0.2143168400379111
586,48,Sales,7,35497.0,12,5,3,Day,0,6-12,0,0,10649.1,0.44022017631186394
587,56,Sales,28,40754.0,38,2,2,Rotational,0,24+,1,1,12226.199999999999,0.8104304983271401
588,46,Tech,28,48849.0,34,2,3,Night,1,24+,1,1,14654.699999999999,0.744314967799683
589,28,Finance,4,36338.0,22,2,4,Rotational,1,0-6,0,1,10901.4,0.6042698836092745
590,48,Finance,22,38003.0,8,1,1,Rotational,1,12-24,0,1,11400.9,0.6442700914011091
591,48,Sales,12,31251.0,1,5,3,Night,0,6-12,0,0,9375.3,0.4834431827500226
592,57,HR,45,49018.0,30,2,4,Rotational,1,24+,1,1,14705.4,0.7117855080612199
593,56,Operations,3,28064.0,1,4,1,Rotational,1,0-6,0,0,8419.199999999999,0.5665163824166208
594,47,HR,22,43405.0,31,3,3,Rotational,1,12-24,1,0,13021.5,0.599411258873172
595,37,HR,44,56648.0,17,3,2,Night,0,24+,0,0,16994.399999999998,0.22304169812064847
596,29,Sales,2,33370.0,12,2,2,Day,1,0-6,0,1,10011.0,0.684525616281318
597,53,Sales,24,41291.0,4,3,2,Day,1,12-24,0,0,12387.3,0.38134004576960123
598,40,Sales,34,48027.0,9,3,4,Night,0,24+,0,0,14408.1,0.265508395517249
599,33,Sales,27,40891.0,24,1,2,Day,0,24+,0,1,12267.3,0.5667818763855935
600,48,Finance,55,60792.0,33,4,5,Rotational,0,24+,1,0,18237.6,0.35770816279220674
601,49,Sales,41,51796.0,36,4,1,Day,0,24+,1,0,15538.8,0.545440598858302
602,33,Finance,1,32820.0,29,1,4,Rotational,1,0-6,1,1,9846.0,0.8440318871670868
603,55,Finance,8,31817.0,6,1,2,Day,1,6-12,0,1,9545.1,0.6967185017678206
604,26,Sales,23,40994.0,5,3,1,Night,0,12-24,0,0,12298.199999999999,0.39542910432080675
605,38,Tech,38,51175.0,2,5,3,Day,0,24+,0,0,15352.5,0.2753546244666342
606,25,Operations,6,37331.0,12,3,2,Day,0,0-6,0,0,11199.3,0.42199221101282225
607,45,HR,22,39176.0,2,1,1,Day,0,12-24,0,1,11752.8,0.6396295021594949
608,22,Finance,25,44841.0,25,4,5,Night,0,24+,0,0,13452.3,0.26718873748081573
609,30,Operations,18,36864.0,23,3,3,Day,1,12-24,0,0,11059.199999999999,0.37655354080351483
610,50,Tech,17,44852.0,5,5,5,Night,0,12-24,0,0,13455.6,0.31234961747370776
611,25,HR,12,34756.0,11,3,1,Rotational,0,6-12,0,0,10426.8,0.45989866278125213
612,53,HR,6,34931.0,35,2,5,Day,1,0-6,1,1,10479.3,0.8219147691282145
613,21,Finance,26,43497.0,1,3,1,Night,0,24+,0,0,13049.1,0.37201103006465536
614,38,Sales,27,51316.0,10,1,1,Night,0,24+,0,1,15394.8,0.5137111102472979
615,52,Tech,8,34690.0,38,4,5,Day,1,6-12,1,0,10407.0,0.6524405946307151
616,31,Finance,19,37955.0,33,4,1,Rotational,0,12-24,1,0,11386.5,0.6902132847803752
617,41,Tech,42,52919.0,25,1,2,Night,0,24+,0,1,15875.699999999999,0.4379265699903648
618,46,Sales,1,32352.0,17,2,1,Day,1,0-6,0,1,9705.6,0.71409156959118
619,45,Sales,57,58028.0,20,1,4,Rotational,0,24+,0,1,17408.399999999998,0.33616433202738816
620,42,Finance,29,41216.0,35,3,1,Night,0,24+,1,0,12364.8,0.6451495524935038
621,47,Sales,45,50916.0,39,1,4,Night,1,24+,1,1,15274.8,0.6777947296347114
622,33,Operations,49,57144.0,21,1,1,Rotational,1,24+,0,1,17143.2,0.41382664302536004
623,53,HR,35,42258.0,29,2,1,Rotational,1,24+,1,1,12677.4,0.8151928752179715
624,54,Finance,40,49256.0,29,3,5,Day,0,24+,1,0,14776.8,0.47961558203900184
625,55,Tech,14,39985.0,7,5,2,Day,0,12-24,0,0,11995.5,0.4209708178860443
626,21,Operations,35,47220.0,33,5,2,Night,0,24+,1,0,14166.0,0.572769536666334
627,41,Finance,48,60521.0,8,4,3,Rotational,0,24+,0,0,18156.3,0.1941379385740584
628,26,Sales,45,47266.0,19,1,5,Rotational,0,24+,0,1,14179.8,0.41661126850567726
629,48,Sales,20,37116.0,39,4,5,Rotational,0,12-24,1,0,11134.8,0.6125301100513662
630,37,Sales,56,51056.0,24,2,2,Night,0,24+,0,1,15316.8,0.4415261786269318
631,25,Sales,49,60481.0,18,5,5,Rotational,0,24+,0,0,18144.3,0.16100381201976527
632,51,Tech,13,33665.0,4,1,2,Rotational,1,12-24,0,1,10099.5,0.6763139813463371
633,25,Operations,38,43039.0,10,2,5,Night,0,24+,0,1,12911.699999999999,0.4830511391328164
634,58,HR,49,52664.0,14,2,1,Day,0,24+,0,1,15799.199999999999,0.48047210420122355
635,23,Tech,46,48822.0,7,1,2,Day,0,24+,0,1,14646.6,0.48174904571411653
636,43,Tech,49,52686.0,18,2,2,Night,0,24+,0,1,15805.8,0.4466076053405353
637,57,HR,8,34124.0,22,1,4,Rotational,0,6-12,0,1,10237.199999999999,0.6210639313224341
638,57,HR,43,53915.0,26,1,5,Night,1,24+,1,1,16174.5,0.6526744596548247
639,30,Sales,20,39476.0,39,3,5,Day,0,12-24,1,0,11842.8,0.5765171357216581
640,30,Tech,33,46576.0,31,4,2,Day,1,24+,1,0,13972.8,0.5790772942020014
641,39,Finance,26,41255.0,25,2,1,Night,0,24+,0,1,12376.5,0.5969935183092246
642,37,HR,39,44965.0,26,2,1,Night,1,24+,1,1,13489.5,0.793914081833117
643,41,HR,21,34960.0,18,3,1,Day,0,12-24,0,0,10488.0,0.4432950918346703
644,34,Operations,53,55407.0,28,3,5,Night,1,24+,1,0,16622.1,0.3983856670318855
645,29,Finance,49,54754.0,38,3,4,Day,0,24+,1,0,16426.2,0.41917594261234176
646,21,Finance,42,49684.0,32,5,2,Night,1,24+,1,0,14905.199999999999,0.5414038066282504
647,33,HR,43,46072.0,18,5,3,Night,0,24+,0,0,13821.6,0.2902717496171245
648,24,Sales,54,57604.0,36,5,4,Night,0,24+,1,0,17281.2,0.4033691979723326
649,21,Operations,41,55388.0,18,1,3,Day,0,24+,0,1,16616.399999999998,0.39491275523102626
650,52,Finance,9,34156.0,32,2,4,Night,1,6-12,1,1,10246.8,0.8380122912861951
651,54,HR,24,40261.0,15,4,1,Day,0,12-24,0,0,12078.3,0.40876032873345375
652,48,Finance,37,48319.0,22,1,5,Day,0,24+,0,1,14495.699999999999,0.4247050673304934
653,51,Operations,49,51187.0,6,2,3,Night,0,24+,0,1,15356.099999999999,0.4541235831750902
654,28,Operations,41,46993.0,25,2,4,Night,1,24+,0,1,14097.9,0.44998730695966394
655,59,Tech,17,39854.0,31,3,5,Day,0,12-24,1,0,11956.199999999999,0.5981695199746045
656,46,HR,24,44971.0,11,3,3,Day,1,12-24,0,0,13491.3,0.3201345174452945
657,54,Operations,21,40059.0,7,1,2,Rotational,0,12-24,0,1,12017.699999999999,0.6101250573482712
658,23,Tech,51,49579.0,4,3,4,Day,0,24+,0,0,14873.699999999999,0.2346556804032645
659,32,Tech,59,60560.0,27,2,2,Rotational,1,24+,1,1,18168.0,0.635727610541663
660,21,Finance,39,55702.0,4,3,1,Rotational,0,24+,0,0,16710.6,0.25755299437980556
661,25,Finance,55,56768.0,25,5,2,Rotational,0,24+,0,0,17030.399999999998,0.2128443081782262
662,50,Tech,41,49966.0,4,3,2,Night,0,24+,0,0,14989.8,0.2877329697989463
663,50,Finance,39,46882.0,21,2,4,Night,1,24+,0,1,14064.6,0.4676415132508064
664,37,Operations,13,37944.0,14,1,1,Day,1,12-24,0,1,11383.199999999999,0.6467450220156294
665,43,Sales,11,33487.0,12,4,2,Rotational,0,6-12,0,0,10046.1,0.46467824577623035
666,35,Operations,46,56065.0,27,3,5,Night,0,24+,1,0,16819.5,0.404316851382615
667,57,Tech,19,37527.0,32,2,3,Night,0,12-24,1,1,11258.1,0.8265289038403336
668,41,Tech,11,36525.0,22,4,2,Night,0,6-12,0,0,10957.5,0.4253814120422374
669,34,Operations,13,36361.0,32,4,1,Night,0,12-24,1,0,10908.3,0.7119356933853943
670,22,Finance,46,57665.0,17,5,2,Night,0,24+,0,0,17299.5,0.2219231730359344
671,31,Finance,45,53728.0,29,4,3,Rotational,1,24+,1,0,16118.4,0.4764147629880589
672,59,Tech,1,34661.0,25,2,1,Rotational,0,0-6,0,1,10398.3,0.6935489890700398
673,58,HR,40,50326.0,15,2,4,Rotational,1,24+,0,1,15097.8,0.44524969678812876
674,54,Finance,44,51488.0,12,3,1,Rotational,0,24+,0,0,15446.4,0.28547379055658006
675,58,Operations,19,39385.0,38,3,4,Day,0,12-24,1,0,11815.5,0.6133212444318352
676,54,Finance,12,33686.0,32,3,1,Rotational,0,6-12,1,0,10105.8,0.7325334628889447
677,38,Operations,8,35595.0,25,4,3,Night,0,6-12,0,0,10678.5,0.4110382349560195
678,50,Tech,8,31929.0,0,4,3,Rotational,0,6-12,0,0,9578.699999999999,0.476879537339435
679,35,Finance,53,56837.0,37,5,1,Day,0,24+,1,0,17051.1,0.48316905827907763
680,47,Operations,45,55066.0,1,3,2,Night,1,24+,0,0,16519.8,0.24843653479351563
681,54,Tech,12,40751.0,5,1,3,Rotational,1,6-12,0,1,12225.3,0.5972784242998505
682,58,HR,48,54489.0,37,5,4,Rotational,0,24+,1,0,16346.699999999999,0.45265760531846677
683,53,Operations,33,49084.0,23,1,4,Rotational,0,24+,0,1,14725.199999999999,0.447412084349577
684,44,HR,45,54726.0,17,4,5,Night,1,24+,0,0,16417.8,0.1954021003305966
685,35,HR,26,41853.0,26,5,4,Night,1,24+,1,0,12555.9,0.6018905733577861
686,50,Sales,39,55823.0,7,5,5,Day,1,24+,0,0,16746.899999999998,0.20926375996456514
687,37,Finance,28,42271.0,27,2,1,Night,1,24+,1,1,12681.3,0.8188207827747487
688,25,Operations,58,59273.0,9,4,1,Night,0,24+,0,0,17781.899999999998,0.216610355444935
689,49,HR,5,36862.0,16,4,1,Rotational,0,0-6,0,0,11058.6,0.4641139689048902
690,24,Sales,8,38288.0,28,5,2,Night,0,6-12,1,0,11486.4,0.6917520906642824
691,30,Tech,25,42543.0,5,4,2,Rotational,0,24+,0,0,12762.9,0.3671374349204529
692,37,Operations,27,46471.0,13,5,5,Rotational,0,24+,0,0,13941.3,0.27556316995051255
693,30,HR,46,52328.0,21,2,4,Night,1,24+,0,1,15698.4,0.40060817085276706
694,37,Finance,23,40034.0,5,5,4,Day,0,12-24,0,0,12010.199999999999,0.3588877689412755
695,40,Sales,30,41362.0,25,4,1,Day,0,24+,0,0,12408.6,0.37417964193312214
696,44,HR,45,54672.0,38,4,3,Night,1,24+,1,0,16401.6,0.46306143086060764
697,25,Finance,47,55988.0,11,5,2,Day,0,24+,0,0,16796.399999999998,0.2373421419700928
698,54,HR,23,39796.0,34,5,2,Rotational,1,12-24,1,0,11938.8,0.6649919169900798
699,26,Operations,49,55304.0,13,5,1,Rotational,1,24+,0,0,16591.2,0.2554220657109001
700,22,Operations,47,61453.0,21,3,2,Night,1,24+,0,0,18435.899999999998,0.1848534669025757
701,33,Operations,20,43440.0,22,4,1,Day,0,12-24,0,0,13032.0,0.37115760899455164
702,31,Sales,18,36296.0,6,4,5,Day,1,12-24,0,0,10888.8,0.36474143584898433
703,43,Operations,18,42005.0,39,3,4,Rotational,0,12-24,1,0,12601.5,0.5848394536989135
704,36,Finance,2,28309.0,24,5,3,Night,1,0-6,0,0,8492.699999999999,0.49399299268217883
705,51,HR,4,23314.0,12,2,4,Day,0,0-6,0,1,6994.2,0.72708211068013
706,31,Tech,30,44939.0,20,5,4,Night,0,24+,0,0,13481.699999999999,0.2933946353808396
707,36,Finance,33,51190.0,9,5,5,Day,0,24+,0,0,15357.0,0.23912309646965013
708,28,Finance,36,52192.0,8,3,2,Rotational,0,24+,0,0,15657.599999999999,0.2666008361678994
709,24,Operations,18,40132.0,14,4,3,Rotational,0,12-24,0,0,12039.6,0.3640246687663245
710,24,Sales,37,46875.0,1,5,2,Night,0,24+,0,0,14062.5,0.32470472507628745
711,45,HR,19,40959.0,24,4,4,Rotational,0,12-24,0,0,12287.699999999999,0.33254482557486814
712,23,Sales,47,52693.0,12,1,1,Day,1,24+,0,1,15807.9,0.4625180503067917
713,52,HR,28,42459.0,33,4,4,Rotational,1,24+,1,0,12737.699999999999,0.5846579907217281
714,23,HR,40,53186.0,33,2,2,Night,0,24+,1,1,15955.8,0.7103117187876876
715,47,Sales,20,38422.0,34,2,4,Night,1,12-24,1,1,11526.6,0.8029352260175682
716,49,Finance,49,57882.0,37,5,1,Night,0,24+,1,0,17364.6,0.48557854978283876
717,52,HR,33,44723.0,2,4,5,Day,0,24+,0,0,13416.9,0.289465348424264
718,39,Sales,12,42175.0,5,5,2,Day,0,6-12,0,0,12652.5,0.40041316375595626
719,41,HR,58,54078.0,18,3,4,Day,0,24+,0,0,16223.4,0.19441107478472547
720,25,Tech,51,52630.0,2,2,2,Day,0,24+,0,1,15789.0,0.45475088566586563
721,38,Finance,15,37034.0,17,5,5,Day,1,12-24,0,0,11110.199999999999,0.3616522227051
722,48,Operations,41,44548.0,38,3,4,Rotational,1,24+,1,0,13364.4,0.5310205985695079
723,42,HR,39,41787.0,8,5,4,Day,0,24+,0,0,12536.1,0.321718160058519
724,41,Tech,2,25074.0,11,4,2,Day,0,0-6,0,0,7522.2,0.5546230399533194
725,26,Operations,29,43624.0,4,4,2,Rotational,0,24+,0,0,13087.199999999999,0.35204979982392093
726,21,Operations,41,49700.0,2,4,1,Day,0,24+,0,0,14910.0,0.3078609961470934
727,25,HR,10,35999.0,10,4,5,Night,0,6-12,0,0,10799.699999999999,0.3719257092348311
728,32,Sales,2,30409.0,29,1,1,Day,1,0-6,1,1,9122.699999999999,0.8854127765971459
729,46,HR,51,56399.0,3,3,4,Day,1,24+,0,0,16919.7,0.19993702165470492
730,54,Tech,11,34149.0,4,3,2,Night,0,6-12,0,0,10244.699999999999,0.4639486124834786
731,34,Operations,13,38644.0,0,4,4,Night,0,12-24,0,0,11593.199999999999,0.3810074852537684
732,46,HR,10,36783.0,26,1,4,Night,1,6-12,1,1,11034.9,0.8213800325155597
733,47,Sales,14,36020.0,27,4,3,Night,1,12-24,1,0,10806.0,0.6838177713070503
734,29,HR,18,40599.0,28,1,3,Day,1,12-24,1,1,12179.699999999999,0.8011543866318328
735,46,Finance,51,54928.0,17,4,4,Night,0,24+,0,0,16478.399999999998,0.20368600175635257
736,42,Sales,54,52433.0,11,2,2,Night,0,24+,0,1,15729.9,0.44888695910259707
737,50,Tech,9,37213.0,12,2,4,Rotational,0,6-12,0,1,11163.9,0.6091337231807703
738,37,Operations,57,55780.0,1,5,3,Night,1,24+,0,0,16734.0,0.2232721135108399
739,46,HR,39,52181.0,36,4,2,Night,0,24+,1,0,15654.3,0.5207983790460569
740,56,Sales,28,44972.0,15,3,4,Rotational,0,24+,0,0,13491.6,0.29503134423396965
741,21,Finance,3,31246.0,23,5,5,Rotational,0,0-6,0,0,9373.8,0.41546965904481287
742,28,Sales,20,34369.0,34,2,5,Day,1,12-24,1,1,10310.699999999999,0.8065788221530814
743,55,Finance,6,37619.0,21,4,4,Rotational,0,0-6,0,0,11285.699999999999,0.385440373944729
744,35,Tech,27,42411.0,35,5,2,Day,0,24+,1,0,12723.3,0.629545294257947
745,42,Operations,53,58404.0,10,4,4,Rotational,1,24+,0,0,17521.2,0.18597742275932364
746,34,Tech,2,30658.0,28,2,4,Rotational,1,0-6,1,1,9197.4,0.8582650402776143
747,46,HR,29,43686.0,34,5,3,Day,0,24+,1,0,13105.8,0.5993369898871089
748,48,Sales,38,49578.0,14,2,5,Rotational,0,24+,0,1,14873.4,0.42924721615580674
749,43,Finance,3,31580.0,30,1,3,Day,1,0-6,1,1,9474.0,0.8612497416730247
750,34,Finance,16,37199.0,15,2,3,Rotational,1,12-24,0,1,11159.699999999999,0.6114919143889357
751,44,Sales,30,44834.0,9,4,4,Night,0,24+,0,0,13450.199999999999,0.3021607542063199
752,22,Sales,40,51281.0,31,3,3,Rotational,0,24+,1,0,15384.3,0.49166740439194273
753,46,HR,2,32493.0,1,2,5,Day,0,0-6,0,1,9747.9,0.647628241427966
754,34,Tech,17,38630.0,23,3,3,Rotational,0,12-24,0,0,11589.0,0.36457719970419933
755,27,Finance,41,52363.0,22,1,5,Day,0,24+,0,1,15708.9,0.3753187943662601
756,23,HR,12,34728.0,1,5,3,Day,1,6-12,0,0,10418.4,0.44172876585151327
757,43,Tech,35,54175.0,37,5,5,Night,0,24+,1,0,16252.5,0.445931477818508
758,38,HR,43,55957.0,30,3,3,Night,0,24+,1,0,16787.1,0.4526787973701003
759,58,Finance,1,32787.0,39,5,3,Day,1,0-6,1,0,9836.1,0.7240573272462325
760,55,Sales,55,51675.0,25,2,2,Rotational,0,24+,0,1,15502.5,0.443766129547144
761,35,Sales,45,54318.0,28,3,5,Day,0,24+,1,0,16295.4,0.4200323409041295
762,45,Tech,15,36490.0,2,4,5,Day,0,12-24,0,0,10947.0,0.3770440890387942
763,57,Operations,26,40064.0,13,2,5,Rotational,1,24+,0,1,12019.199999999999,0.5380317511487254
764,48,Tech,37,47414.0,24,2,1,Rotational,0,24+,0,1,14224.199999999999,0.5306029629374509
765,30,Operations,21,37896.0,0,2,3,Rotational,0,12-24,0,1,11368.8,0.6129746384713812
766,59,HR,49,56020.0,2,4,5,Rotational,0,24+,0,0,16806.0,0.19894085269103456
767,37,HR,31,50348.0,25,1,1,Day,1,24+,0,1,15104.4,0.4989190172575611
768,59,Finance,25,44978.0,17,5,2,Day,0,24+,0,0,13493.4,0.35310571776161137
769,42,Operations,23,49788.0,8,3,5,Night,0,12-24,0,0,14936.4,0.24989947057929918
770,46,Finance,24,37339.0,37,1,5,Day,1,12-24,1,1,11201.699999999999,0.7822052585475586
771,45,Sales,57,56982.0,22,3,1,Rotational,0,24+,0,0,17094.6,0.2216506941970567
772,37,Operations,38,46171.0,20,5,3,Night,0,24+,0,0,13851.3,0.2952812768024997
773,33,Tech,28,47688.0,0,4,2,Rotational,0,24+,0,0,14306.4,0.3270612787662007
774,40,Sales,21,39838.0,20,2,5,Day,0,12-24,0,1,11951.4,0.532585759561759
775,45,Sales,54,57569.0,26,2,3,Night,1,24+,1,1,17270.7,0.652433541367841
776,24,Tech,43,53401.0,5,4,2,Rotational,0,24+,0,0,16020.3,0.2578193267734318
777,30,Sales,18,34636.0,35,1,4,Night,0,12-24,1,1,10390.8,0.8156977642389561
778,23,Operations,36,46136.0,27,1,4,Night,0,24+,1,1,13840.8,0.7283351587647927
779,38,Finance,35,50492.0,16,3,2,Day,0,24+,0,0,15147.599999999999,0.27607436656950585
780,56,Sales,45,50856.0,39,4,1,Rotational,1,24+,1,0,15256.8,0.547402848992375
781,42,Operations,55,52359.0,2,1,2,Night,0,24+,0,1,15707.699999999999,0.4498569684702349
782,54,HR,9,31793.0,11,4,2,Night,1,6-12,0,0,9537.9,0.48874275845676257
783,28,Operations,53,55641.0,38,5,1,Rotational,1,24+,1,0,16692.3,0.48994980140999406
784,39,Finance,38,49500.0,11,2,1,Night,0,24+,0,1,14850.0,0.521268701882055
785,57,Operations,58,58788.0,1,2,3,Night,0,24+,0,1,17636.399999999998,0.3819228960220985
786,26,Tech,30,43157.0,21,2,3,Night,1,24+,0,1,12947.1,0.5279769647683547
787,46,Finance,44,54818.0,22,4,1,Rotational,0,24+,0,0,16445.399999999998,0.25664240120003695
788,54,HR,34,46613.0,29,4,4,Rotational,1,24+,1,0,13983.9,0.5440152987812312
789,26,Tech,32,46628.0,4,3,4,Rotational,0,24+,0,0,13988.4,0.27783237246875503
790,57,Operations,3,29817.0,8,2,2,Rotational,1,0-6,0,1,8945.1,0.7236257452721943
791,53,Finance,3,36027.0,20,3,5,Day,1,0-6,0,0,10808.1,0.3739474560907087
792,42,HR,28,42825.0,10,2,2,Night,0,24+,0,1,12847.5,0.5757164465583167
793,41,Tech,44,52224.0,4,3,2,Rotational,0,24+,0,0,15667.199999999999,0.2647326332931645
794,26,HR,15,40605.0,34,3,5,Night,1,12-24,1,0,12181.5,0.5778367879723733
795,26,Operations,41,51340.0,26,5,1,Night,1,24+,1,0,15402.0,0.5596704333462038
796,24,HR,23,42265.0,1,3,4,Day,0,12-24,0,0,12679.5,0.3247192809853152
797,50,Sales,40,44079.0,23,4,2,Rotational,1,24+,0,0,13223.699999999999,0.32307178247872403
798,31,Tech,11,37542.0,30,3,5,Rotational,1,6-12,1,0,11262.6,0.6167606454226252
799,50,HR,48,54167.0,32,2,3,Night,0,24+,1,1,16250.099999999999,0.683615439986331
800,51,Operations,32,47625.0,38,3,2,Rotational,1,24+,1,0,14287.5,0.5637286348452176
801,44,Operations,58,59550.0,29,1,4,Night,0,24+,1,1,17865.0,0.5968617264020067
802,29,HR,59,57823.0,36,2,1,Night,0,24+,1,1,17346.899999999998,0.668683302473824
803,23,Operations,57,61183.0,27,1,2,Day,1,24+,1,1,18354.899999999998,0.6218820158973257
804,51,Finance,54,57594.0,30,2,2,Day,1,24+,1,1,17278.2,0.6710088057591631
805,57,Finance,36,44132.0,10,4,5,Day,1,24+,0,0,13239.6,0.28438041614986687
806,56,Finance,33,50426.0,22,4,3,Night,0,24+,0,0,15127.8,0.2679187894237356
807,44,Sales,24,37709.0,1,4,3,Rotational,0,12-24,0,0,11312.699999999999,0.39805143096831336
808,51,HR,39,52203.0,39,1,1,Day,0,24+,1,1,15660.9,0.7342584756198659
809,26,Sales,34,51461.0,26,5,4,Rotational,1,24+,1,0,15438.3,0.5003359260433679
810,22,Operations,56,54681.0,34,2,1,Day,0,24+,1,1,16404.3,0.6967384691336311
811,40,Sales,28,43632.0,1,4,2,Day,1,24+,0,0,13089.6,0.36187866684474584
812,48,Operations,37,47852.0,38,2,2,Night,1,24+,1,1,14355.6,0.7553767335818313
813,31,Operations,7,32987.0,36,1,3,Day,1,6-12,1,1,9896.1,0.8459335722418322
814,24,Tech,4,37491.0,20,5,4,Day,1,0-6,0,0,11247.3,0.3862285726257101
815,35,Finance,37,45216.0,4,1,5,Night,0,24+,0,1,13564.8,0.4674280966162466
816,26,Operations,56,57080.0,20,2,4,Rotational,0,24+,0,1,17124.0,0.34571462538326264
817,50,Tech,1,35010.0,28,5,2,Day,0,0-6,1,0,10503.0,0.7336063131075945
818,58,Finance,1,29531.0,19,5,5,Night,0,0-6,0,0,8859.3,0.45337354393063617
819,22,Operations,47,50693.0,37,1,4,Day,1,24+,1,1,15207.9,0.6697460970161753
820,35,Operations,20,40789.0,19,4,4,Night,0,12-24,0,0,12236.699999999999,0.3339312892046488
821,31,Sales,19,41917.0,24,2,5,Rotational,1,12-24,0,1,12575.1,0.5084766820879923
822,28,Sales,29,43321.0,1,3,2,Rotational,0,24+,0,0,12996.3,0.3507361538192391
823,46,Finance,10,36663.0,31,3,4,Night,1,6-12,1,0,10998.9,0.6516686792337532
824,25,Operations,18,34870.0,25,1,5,Night,0,12-24,0,1,10461.0,0.5615051973904347
825,26,HR,28,40037.0,5,2,2,Night,1,24+,0,1,12011.1,0.5992809072667644
826,46,Sales,35,46180.0,2,2,5,Rotational,0,24+,0,1,13854.0,0.47699720487184555
827,24,Finance,43,53270.0,32,1,5,Day,1,24+,1,1,15981.0,0.6391644022085353
828,39,Operations,47,55784.0,0,2,4,Rotational,0,24+,0,1,16735.2,0.39567521753285884
829,40,Operations,31,41954.0,4,4,2,Night,0,24+,0,0,12586.199999999999,0.36861413799763265
830,53,HR,27,45673.0,12,1,4,Night,0,24+,0,1,13701.9,0.4997756592845373
831,40,Finance,11,36000.0,18,4,1,Rotational,0,6-12,0,0,10800.0,0.4568700191568045
832,32,Operations,49,51862.0,11,2,1,Night,0,24+,0,1,15558.599999999999,0.4803163031269408
833,21,Sales,49,50497.0,24,1,2,Rotational,0,24+,0,1,15149.099999999999,0.44204596322922596
834,46,HR,38,49689.0,34,2,5,Night,1,24+,1,1,14906.699999999999,0.6885382958899403
835,34,Finance,5,36369.0,11,1,4,Day,0,0-6,0,1,10910.699999999999,0.6088649338008674
836,58,HR,8,34107.0,29,2,4,Day,1,6-12,1,1,10232.1,0.8422472300257452
837,57,Sales,34,44195.0,4,4,2,Night,0,24+,0,0,13258.5,0.35223452551157386
838,31,Finance,48,48396.0,33,4,2,Rotational,0,24+,1,0,14518.8,0.5386215793238169
839,56,HR,52,60588.0,21,2,1,Day,0,24+,0,1,18176.399999999998,0.39673769687733657
840,33,Tech,56,61126.0,38,1,3,Rotational,0,24+,1,1,18337.8,0.5938784474244426
841,23,Sales,12,36906.0,12,3,2,Night,0,6-12,0,0,11071.8,0.4161009563369304
842,53,Sales,38,53434.0,2,4,3,Rotational,0,24+,0,0,16030.199999999999,0.25762952946992457
843,26,Sales,1,31172.0,19,4,2,Day,0,0-6,0,0,9351.6,0.485656947723658
844,30,Tech,31,43907.0,30,3,5,Rotational,0,24+,1,0,13172.1,0.5305313899755237
845,25,Tech,4,33665.0,4,2,5,Rotational,1,0-6,0,1,10099.5,0.6236946854132734
846,43,Operations,49,52011.0,23,1,1,Night,0,24+,0,1,15603.3,0.46148674726916816
847,30,HR,45,49513.0,39,2,1,Night,1,24+,1,1,14853.9,0.7458082023724831
848,22,Operations,50,57315.0,32,5,3,Night,0,24+,1,0,17194.5,0.4378921355215641
849,33,HR,5,35067.0,7,4,2,Day,0,0-6,0,0,10520.1,0.46096701627660996
850,22,Tech,30,41179.0,23,5,4,Day,0,24+,0,0,12353.699999999999,0.31620926944139266
851,40,Tech,56,54290.0,19,4,1,Night,0,24+,0,0,16287.0,0.2472699642708186
852,21,Operations,24,40665.0,15,4,4,Night,0,12-24,0,0,12199.5,0.32843568300843545
853,57,Finance,59,57366.0,11,5,4,Day,0,24+,0,0,17209.8,0.19454979721849822
854,29,Operations,3,32929.0,12,5,2,Day,1,0-6,0,0,9878.699999999999,0.4843818902228366
855,37,HR,11,35644.0,38,2,3,Day,1,6-12,1,1,10693.199999999999,0.8344010336866715
856,29,Operations,45,55995.0,24,5,2,Day,0,24+,0,0,16798.5,0.23003576142118057
857,31,Sales,4,32952.0,31,2,1,Night,1,0-6,1,1,9885.6,0.8768947810992646
858,35,HR,26,41066.0,23,2,4,Day,0,24+,0,1,12319.8,0.5314187025204061
859,44,HR,27,37827.0,8,2,2,Night,0,24+,0,1,11348.1,0.6236492225387835
860,58,Finance,46,53538.0,39,4,2,Rotational,1,24+,1,0,16061.4,0.4995064589125318
861,55,Tech,54,51869.0,22,4,2,Rotational,0,24+,0,0,15560.699999999999,0.25085164929592235
862,50,HR,43,49529.0,12,5,1,Day,0,24+,0,0,14858.699999999999,0.3144381382898462
863,51,Tech,27,41335.0,31,4,3,Rotational,0,24+,1,0,12400.5,0.6197174378723309
864,25,Operations,42,49475.0,14,5,2,Rotational,0,24+,0,0,14842.5,0.2860893721405716
865,34,Sales,51,51552.0,35,4,1,Rotational,0,24+,1,0,15465.599999999999,0.5275143023595675
866,31,Finance,50,52824.0,4,1,4,Day,0,24+,0,1,15847.199999999999,0.40139451739678367
867,29,Tech,6,36438.0,21,1,5,Day,1,0-6,0,1,10931.4,0.5714755906081761
868,54,HR,59,62929.0,15,5,1,Rotational,1,24+,0,0,18878.7,0.20271721411098143
869,32,Tech,15,42097.0,9,4,5,Night,0,12-24,0,0,12629.1,0.3188202780350083
870,55,HR,53,56530.0,23,4,2,Rotational,0,24+,0,0,16959.0,0.22068049179998078
871,55,Tech,30,45814.0,17,2,2,Day,0,24+,0,1,13744.199999999999,0.5434985289153509
872,21,HR,42,54482.0,17,3,1,Day,0,24+,0,0,16344.599999999999,0.25125649327151717
873,42,Operations,37,44088.0,6,5,5,Day,0,24+,0,0,13226.4,0.2889902975597957
874,49,HR,58,61417.0,3,3,2,Rotational,0,24+,0,0,18425.1,0.19438051391110323
875,28,HR,37,52407.0,25,3,4,Night,0,24+,0,0,15722.099999999999,0.21625303285193648
876,31,Sales,42,48333.0,4,5,3,Day,1,24+,0,0,14499.9,0.28710044250301164
877,57,HR,37,52648.0,15,4,3,Day,0,24+,0,0,15794.4,0.25418734124217324
878,34,Sales,35,53673.0,34,5,2,Rotational,0,24+,1,0,16101.9,0.5190335018943864
879,50,Finance,23,43834.0,25,3,5,Night,0,12-24,0,0,13150.199999999999,0.27942062773107834
880,55,Sales,6,34784.0,17,4,2,Rotational,1,0-6,0,0,10435.199999999999,0.4598051867944205
881,41,Operations,4,28641.0,28,1,5,Day,1,0-6,1,1,8592.3,0.8516757594225575
882,57,Sales,18,42208.0,22,5,4,Night,0,12-24,0,0,12662.4,0.3378211765732488
883,25,Finance,9,31423.0,13,5,5,Night,1,6-12,0,0,9426.9,0.41780482640063016
884,39,Operations,49,55609.0,14,4,2,Day,1,24+,0,0,16682.7,0.2333038466895011
885,34,Tech,29,45913.0,32,1,4,Night,1,24+,1,1,13773.9,0.7373347224232671
886,46,Tech,13,26611.0,24,1,1,Night,0,12-24,0,1,7983.299999999999,0.7281683545171406
887,24,Sales,59,60717.0,20,4,3,Rotational,0,24+,0,0,18215.1,0.1707796495457806
888,45,Sales,47,61364.0,16,2,2,Day,1,24+,0,1,18409.2,0.3764394314058457
889,45,Finance,52,49724.0,22,5,2,Day,0,24+,0,0,14917.199999999999,0.27149191948082113
890,38,Finance,17,38338.0,16,5,2,Day,0,12-24,0,0,11501.4,0.41420103043854006
891,28,HR,45,46659.0,13,3,4,Day,0,24+,0,0,13997.699999999999,0.2548898587981083
892,59,Finance,32,43318.0,28,4,1,Day,1,24+,1,0,12995.4,0.6450824204882478
893,34,HR,48,48211.0,19,3,5,Night,0,24+,0,0,14463.3,0.22155088352775348
894,52,Operations,22,41479.0,29,3,1,Rotational,0,12-24,1,0,12443.699999999999,0.662542787397383
895,58,Sales,4,34381.0,18,1,4,Day,0,0-6,0,1,10314.3,0.6292151058953565
896,53,Operations,5,33729.0,38,5,2,Rotational,0,0-6,1,0,10118.699999999999,0.7300085863843809
897,43,Finance,37,45709.0,12,3,3,Rotational,0,24+,0,0,13712.699999999999,0.29564769947417097
898,35,Operations,41,48672.0,17,1,2,Night,0,24+,0,1,14601.6,0.48426640968475954
899,53,Operations,49,55317.0,22,4,5,Day,0,24+,0,0,16595.1,0.18714005466178132
900,45,Operations,13,33803.0,32,3,3,Night,0,12-24,1,0,10140.9,0.6895286949501592
901,37,Finance,34,43014.0,38,5,2,Day,0,24+,1,0,12904.199999999999,0.6119962145366072
902,53,Operations,45,51783.0,39,3,3,Night,1,24+,1,0,15534.9,0.4833747873758903
903,22,HR,22,38166.0,17,4,1,Rotational,0,12-24,0,0,11449.8,0.41494895064996506
904,34,Finance,53,57735.0,8,3,4,Day,0,24+,0,0,17320.5,0.18390562741857858
905,59,Operations,59,63396.0,32,5,2,Rotational,1,24+,1,0,19018.8,0.40833363251183247
906,26,Finance,23,49293.0,31,1,5,Rotational,0,12-24,1,1,14787.9,0.6994904665039142
907,26,Tech,51,56514.0,16,5,1,Night,1,24+,0,0,16954.2,0.24239654430460644
908,23,HR,3,33438.0,18,1,2,Day,1,0-6,0,1,10031.4,0.6670674743085727
909,27,Operations,42,49202.0,26,2,1,Rotational,1,24+,1,1,14760.599999999999,0.7613536473132385
910,28,Tech,34,45388.0,5,5,5,Night,0,24+,0,0,13616.4,0.2792604629391844
911,35,Tech,32,49852.0,34,5,2,Day,1,24+,1,0,14955.599999999999,0.5583866164141594
912,49,Finance,45,51671.0,36,4,5,Day,0,24+,1,0,15501.3,0.44869532964933034
913,53,Tech,51,55719.0,33,3,3,Rotational,0,24+,1,0,16715.7,0.4456566332772623
914,50,HR,58,62669.0,19,1,5,Day,0,24+,0,1,18800.7,0.28209431813458274
915,59,HR,49,53694.0,24,1,3,Rotational,1,24+,0,1,16108.199999999999,0.40671819044144325
916,47,Sales,21,45001.0,3,4,2,Day,0,12-24,0,0,13500.3,0.3607750881702588
917,56,HR,46,54719.0,9,4,3,Night,0,24+,0,0,16415.7,0.23500621110846745
918,49,Tech,44,53366.0,9,3,2,Rotational,0,24+,0,0,16009.8,0.254945668222123
919,58,HR,21,38555.0,23,3,2,Rotational,0,12-24,0,0,11566.5,0.39059642723212656
920,53,Finance,44,53527.0,20,5,4,Day,0,24+,0,0,16058.099999999999,0.22470239920360305
921,57,Sales,11,34213.0,10,2,2,Day,0,6-12,0,1,10263.9,0.6782016664339546
922,47,Tech,39,50908.0,26,3,3,Rotational,0,24+,1,0,15272.4,0.5126985130545865
923,53,Sales,4,31695.0,15,4,4,Day,1,0-6,0,0,9508.5,0.4463453723275026
924,24,Tech,51,58400.0,25,3,4,Night,0,24+,0,0,17520.0,0.16848366026090464
925,42,Finance,1,30405.0,29,1,2,Day,1,0-6,1,1,9121.5,0.8781971376079479
926,22,Sales,28,50114.0,15,2,5,Night,0,24+,0,1,15034.199999999999,0.4275439908823511
927,30,Operations,24,41173.0,6,5,5,Night,0,12-24,0,0,12351.9,0.32388868065855186
928,25,Tech,35,45896.0,15,1,4,Night,0,24+,0,1,13768.8,0.4705831627546577
929,30,Operations,13,37538.0,34,1,2,Night,0,12-24,1,1,11261.4,0.8321930219740993
930,53,Sales,47,56734.0,15,2,5,Night,1,24+,0,1,17020.2,0.35544328007574943
931,58,Operations,34,50210.0,39,5,2,Day,1,24+,1,0,15063.0,0.5560439052077312
932,33,Operations,11,36000.0,11,4,2,Night,1,6-12,0,0,10800.0,0.43909519315018847
933,51,Sales,36,49017.0,34,5,4,Day,0,24+,1,0,14705.1,0.5207786545991442
934,56,Finance,51,56522.0,20,3,4,Night,0,24+,0,0,16956.6,0.18968978347079346
935,44,Operations,17,35266.0,35,1,1,Rotational,0,12-24,1,1,10579.8,0.8545135362307619
936,35,Operations,35,50572.0,16,3,5,Night,0,24+,0,0,15171.599999999999,0.2229862376280155
937,49,Finance,18,35226.0,31,4,5,Rotational,0,12-24,1,0,10567.8,0.640331327145291
938,28,Operations,40,46772.0,5,3,5,Night,0,24+,0,0,14031.6,0.24932772879863999
939,25,Operations,22,41165.0,23,5,3,Night,0,12-24,0,0,12349.5,0.34859576154563615
940,49,Operations,57,57540.0,26,3,2,Night,0,24+,1,0,17262.0,0.4493779858310556
941,24,HR,24,44388.0,19,4,4,Rotational,0,12-24,0,0,13316.4,0.2965893023384225
942,32,Finance,58,60342.0,24,4,5,Rotational,0,24+,0,0,18102.6,0.148093545374178
943,22,Operations,19,39915.0,1,4,1,Night,0,12-24,0,0,11974.5,0.42168709258247533
944,47,Finance,37,45123.0,8,5,5,Day,0,24+,0,0,13536.9,0.281178517224164
945,51,Tech,39,49580.0,27,4,2,Night,1,24+,1,0,14874.0,0.5565148479518582
946,56,Tech,21,40342.0,37,1,2,Rotational,0,12-24,1,1,12102.6,0.814702807610457
947,56,Operations,8,34667.0,2,4,4,Night,0,6-12,0,0,10400.1,0.4296848331133171
948,46,Finance,28,42710.0,19,3,3,Rotational,0,24+,0,0,12813.0,0.3247975183216211
949,47,Finance,5,34068.0,5,3,4,Rotational,1,0-6,0,0,10220.4,0.42414840640940343
950,25,Finance,17,37460.0,38,3,5,Rotational,0,12-24,1,0,11238.0,0.5977244823376996
951,40,HR,37,49787.0,32,5,1,Night,0,24+,1,0,14936.099999999999,0.5784358188424602
952,31,Tech,36,50388.0,0,3,4,Rotational,1,24+,0,0,15116.4,0.25175990920305613
953,30,Finance,54,55396.0,36,5,3,Rotational,0,24+,1,0,16618.8,0.44789569620698394
954,58,Finance,19,37184.0,5,5,4,Night,0,12-24,0,0,11155.199999999999,0.397105912546433
955,26,HR,27,44929.0,33,4,2,Rotational,1,24+,1,0,13478.699999999999,0.598500150647578
956,28,HR,53,52537.0,14,1,5,Night,1,24+,0,1,15761.099999999999,0.36582615925044676
957,43,Finance,34,50335.0,25,4,5,Rotational,0,24+,0,0,15100.5,0.2265970774013288
958,46,Sales,11,35533.0,13,4,5,Day,0,6-12,0,0,10659.9,0.3794863439155222
959,32,Finance,54,56656.0,6,5,5,Day,1,24+,0,0,16996.8,0.18606491142609508
960,46,Finance,45,54138.0,30,5,5,Rotational,0,24+,1,0,16241.4,0.44045963012084294
961,33,HR,47,54952.0,23,3,5,Day,0,24+,0,0,16485.6,0.1801829773337757
962,38,HR,12,36020.0,30,3,1,Night,0,6-12,1,0,10806.0,0.7120255133848147
963,45,Finance,54,59636.0,28,4,3,Day,0,24+,1,0,17890.8,0.41696361467324017
964,53,Finance,21,38483.0,31,2,5,Rotational,0,12-24,1,1,11544.9,0.7905178877239232
965,32,Finance,54,59137.0,16,2,3,Rotational,0,24+,0,1,17741.1,0.358918823336192
966,56,HR,11,32264.0,13,3,5,Night,1,6-12,0,0,9679.199999999999,0.4036667113952865
967,24,Finance,39,51032.0,39,2,4,Rotational,0,24+,1,1,15309.599999999999,0.683761030377499
968,25,Finance,28,43016.0,35,3,5,Night,0,24+,1,0,12904.8,0.5353363763917752
969,57,Operations,5,28567.0,23,5,2,Day,1,0-6,0,0,8570.1,0.5200482149209806
970,28,Sales,17,39270.0,26,4,1,Day,1,12-24,1,0,11781.0,0.6883531298022748
971,48,Tech,56,57897.0,24,1,4,Night,0,24+,0,1,17369.1,0.33561922297669433
972,51,Sales,20,35372.0,31,4,4,Night,0,12-24,1,0,10611.6,0.6581116658235637
973,29,Operations,41,44159.0,17,3,2,Rotational,0,24+,0,0,13247.699999999999,0.3121447966564392
974,49,Tech,46,52543.0,17,3,5,Day,0,24+,0,0,15762.9,0.20301394061906028
975,34,Finance,58,63855.0,36,4,1,Night,1,24+,1,0,19156.5,0.40537765067769005
976,42,Operations,12,36963.0,25,3,4,Day,0,6-12,0,0,11088.9,0.36522816571836814
977,31,Finance,6,30995.0,8,2,1,Night,1,0-6,0,1,9298.5,0.7211884196310663
978,43,HR,17,41746.0,34,2,4,Day,1,12-24,1,1,12523.8,0.7850934371999009
979,21,Operations,51,58222.0,7,3,5,Rotational,0,24+,0,0,17466.6,0.16728872688281282
980,57,HR,19,43315.0,19,3,4,Day,1,12-24,0,0,12994.5,0.31580595871012274
981,41,Operations,26,45052.0,21,2,4,Day,1,24+,0,1,13515.6,0.5000906047297599
982,46,Operations,48,56658.0,18,3,3,Day,0,24+,0,0,16997.399999999998,0.20517595668491354
983,56,HR,44,54193.0,29,3,5,Day,0,24+,1,0,16257.9,0.43007186833771327
984,43,Tech,44,50567.0,27,4,2,Day,0,24+,1,0,15170.099999999999,0.5368399256619534
985,21,Sales,52,51088.0,34,1,2,Rotational,0,24+,1,1,15326.4,0.7024035855540799
986,35,Finance,32,44437.0,10,2,5,Night,0,24+,0,1,13331.1,0.483614085086298
987,41,Operations,6,36315.0,30,4,2,Day,1,0-6,1,0,10894.5,0.706298687753608
988,29,Finance,55,56357.0,38,1,5,Rotational,1,24+,1,1,16907.1,0.5910103088112316
989,29,HR,58,58564.0,35,3,2,Day,0,24+,1,0,17569.2,0.4204694132351543
990,30,Finance,36,44503.0,29,3,3,Day,1,24+,1,0,13350.9,0.5644546868954784
991,46,HR,38,47347.0,22,4,2,Night,1,24+,0,0,14204.1,0.2997928168477122
992,55,Finance,11,35473.0,18,3,4,Day,1,6-12,0,0,10641.9,0.3919822958466963
993,45,Sales,33,47978.0,11,5,5,Rotational,0,24+,0,0,14393.4,0.26210581030326896
994,46,Sales,24,40624.0,14,4,1,Rotational,0,12-24,0,0,12187.199999999999,0.40346273812723016
995,31,Sales,23,39914.0,30,1,1,Night,0,12-24,1,1,11974.199999999999,0.8273036027634794
996,58,Sales,15,40027.0,36,4,5,Day,1,12-24,1,0,12008.1,0.6017977208417714
997,22,Sales,27,44476.0,36,2,3,Rotational,1,24+,1,1,13342.8,0.7656715650708239
998,27,Sales,11,36846.0,14,4,2,Day,0,6-12,0,0,11053.8,0.4257438329400514
999,38,HR,57,63085.0,28,3,3,Day,0,24+,1,0,18925.5,0.37191647154025437
1000,47,Operations,51,53985.0,25,3,1,Day,1,24+,0,0,16195.5,0.24575110404787553
1001,54,Finance,50,54853.0,1,5,5,Night,1,24+,0,0,16455.899999999998,0.2097171393657627
1002,47,Sales,17,40153.0,19,5,5,Day,0,12-24,0,0,12045.9,0.33457647226954323
1003,37,HR,51,52885.0,14,5,3,Rotational,1,24+,0,0,15865.5,0.23781415649665924
1004,44,HR,53,57187.0,3,1,3,Day,1,24+,0,1,17156.1,0.387533756793382
1005,45,HR,14,37067.0,21,5,2,Rotational,0,12-24,0,0,11120.1,0.42714782718275035
1006,27,Operations,27,51832.0,37,1,4,Day,1,24+,1,1,15549.599999999999,0.688902678796282
1007,26,Finance,18,39300.0,22,5,4,Rotational,0,12-24,0,0,11790.0,0.3499475501643057
1008,44,Operations,28,47471.0,25,1,2,Rotational,0,24+,0,1,14241.3,0.5094364089518214
1009,53,Tech,51,57990.0,10,4,4,Day,0,24+,0,0,17397.0,0.1929613596152054
1010,49,HR,47,50030.0,27,4,1,Day,1,24+,1,0,15009.0,0.5624542009780648
1011,42,Tech,47,48854.0,1,3,4,Rotational,0,24+,0,0,14656.199999999999,0.25231547938060755
1012,46,Sales,4,32741.0,7,1,2,Night,1,0-6,0,1,9822.3,0.6905712603223388
1013,48,Sales,7,37272.0,28,2,4,Day,1,6-12,1,1,11181.6,0.825508387933885
1014,41,Operations,45,53364.0,10,3,5,Night,0,24+,0,0,16009.199999999999,0.2021808237624519
1015,27,Finance,35,47737.0,36,4,3,Day,0,24+,1,0,14321.1,0.5361381239415043
1016,37,Tech,48,53148.0,17,1,1,Day,1,24+,0,1,15944.4,0.45705487417082297
1017,40,Finance,9,30528.0,13,5,5,Day,1,6-12,0,0,9158.4,0.4318584282260802
1018,40,Operations,8,31118.0,9,2,5,Day,1,6-12,0,1,9335.4,0.6400808288811296
1019,42,Sales,52,51133.0,34,4,2,Night,0,24+,1,0,15339.9,0.5112745057090154
1020,48,Finance,45,49191.0,8,3,3,Day,0,24+,0,0,14757.3,0.265764514872861
1021,27,Finance,17,36922.0,34,1,3,Rotational,1,12-24,1,1,11076.6,0.8179120202624681
1022,21,Sales,17,40828.0,10,2,1,Rotational,0,12-24,0,1,12248.4,0.6227552453009101
1023,52,Tech,49,53165.0,11,1,2,Night,1,24+,0,1,15949.5,0.44557072775678525
1024,33,Sales,33,47267.0,2,5,1,Day,0,24+,0,0,14180.1,0.3498573770517328
1025,50,Finance,32,46406.0,38,3,4,Rotational,0,24+,1,0,13921.8,0.5286158987474829
1026,43,Tech,8,35497.0,13,1,5,Night,1,6-12,0,1,10649.1,0.5914115069313131
1027,39,Tech,19,36396.0,27,4,1,Day,1,12-24,1,0,10918.8,0.7106242408469752
1028,52,Sales,38,52178.0,10,3,5,Rotational,0,24+,0,0,15653.4,0.21942944581836643
1029,50,Finance,3,27278.0,38,4,2,Rotational,1,0-6,1,0,8183.4,0.768884602094349
1030,49,Operations,59,58157.0,24,1,4,Night,1,24+,0,1,17447.1,0.3298679871189518
1031,49,Finance,5,32437.0,20,3,2,Day,0,0-6,0,0,9731.1,0.46818836648208506
1032,50,HR,13,38780.0,9,4,4,Day,0,12-24,0,0,11634.0,0.37646927345034226
1033,36,Operations,47,57638.0,14,5,4,Rotational,0,24+,0,0,17291.399999999998,0.1967433090476233
1034,39,Tech,46,55304.0,18,5,5,Rotational,0,24+,0,0,16591.2,0.19443801572316494
1035,38,Operations,31,49748.0,21,1,2,Rotational,0,24+,0,1,14924.4,0.4863105787418557
1036,21,Tech,55,55012.0,20,3,2,Day,0,24+,0,0,16503.6,0.21490843850422436
1037,34,Tech,16,41571.0,31,2,1,Night,0,12-24,1,1,12471.3,0.829639654211679
1038,22,Operations,50,58056.0,22,3,2,Night,0,24+,0,0,17416.8,0.20048664544438705
1039,48,Tech,32,38811.0,12,5,1,Day,1,24+,0,0,11643.3,0.4188735955084268
1040,50,Tech,22,40339.0,4,4,3,Night,0,12-24,0,0,12101.699999999999,0.37740157591311035
1041,58,HR,29,46306.0,3,2,3,Rotational,0,24+,0,1,13891.8,0.5347898225263017
1042,24,Finance,22,39454.0,27,1,3,Night,1,12-24,1,1,11836.199999999999,0.8033075476379498
1043,21,Finance,43,48243.0,13,2,2,Night,0,24+,0,1,14472.9,0.4922955017879042
1044,28,HR,3,37843.0,7,1,2,Night,1,0-6,0,1,11352.9,0.6442066062096439
1045,49,Operations,54,57333.0,8,2,1,Rotational,1,24+,0,1,17199.899999999998,0.43402758241717027
1046,59,Sales,10,35415.0,34,1,4,Day,1,6-12,1,1,10624.5,0.826433857068646
1047,23,Sales,42,47073.0,36,1,1,Rotational,1,24+,1,1,14121.9,0.7597418205327952
1048,52,Sales,21,38663.0,20,2,3,Day,0,12-24,0,1,11598.9,0.5932640086910367
1049,30,HR,16,35306.0,17,2,1,Day,0,12-24,0,1,10591.8,0.6661324863502815
1050,30,HR,12,39237.0,32,1,4,Day,1,6-12,1,1,11771.1,0.7974609586320452
1051,39,Tech,2,32514.0,7,5,2,Night,1,0-6,0,0,9754.199999999999,0.4995310008455838
1052,54,Sales,41,48788.0,16,2,1,Night,0,24+,0,1,14636.4,0.523744393203297
1053,53,Operations,24,43682.0,30,3,3,Day,0,12-24,1,0,13104.6,0.5975940344267989
1054,43,Operations,35,46739.0,33,4,3,Day,1,24+,1,0,14021.699999999999,0.5551298875673657
1055,48,Sales,56,58703.0,5,1,2,Night,1,24+,0,1,17610.899999999998,0.39146846623785103
1056,52,Sales,30,45689.0,21,1,1,Rotational,0,24+,0,1,13706.699999999999,0.5533120385802706
1057,27,Sales,57,59761.0,13,4,4,Day,1,24+,0,0,17928.3,0.16959218160298747
1058,49,HR,30,45899.0,2,5,2,Rotational,1,24+,0,0,13769.699999999999,0.35039228233353653
1059,28,HR,47,54763.0,11,4,1,Night,1,24+,0,0,16428.899999999998,0.2574053384898523
1060,21,HR,35,51267.0,35,2,5,Day,1,24+,1,1,15380.099999999999,0.669931442842494
1061,23,Finance,19,41422.0,11,4,3,Rotational,0,12-24,0,0,12426.6,0.35462519609771537
1062,44,Operations,50,53989.0,1,1,4,Rotational,0,24+,0,1,16196.699999999999,0.39974404064426766
1063,43,Operations,8,33706.0,1,4,4,Rotational,0,6-12,0,0,10111.8,0.43403366446075803
1064,28,Tech,26,46691.0,14,3,4,Night,1,24+,0,0,14007.3,0.2761706460334386
1065,57,HR,49,54837.0,22,2,3,Night,0,24+,0,1,16451.1,0.40626028665760644
1066,23,Finance,40,48878.0,28,4,1,Rotational,0,24+,1,0,14663.4,0.5713295366776704
1067,53,Finance,7,31607.0,16,1,2,Rotational,1,6-12,0,1,9482.1,0.689207165241242
1068,48,Operations,30,45819.0,31,2,1,Night,0,24+,1,1,13745.699999999999,0.7970031803435585
1069,28,HR,7,30935.0,6,1,2,Rotational,1,6-12,0,1,9280.5,0.6952301647004393
1070,54,Tech,3,35354.0,29,5,4,Rotational,0,0-6,1,0,10606.199999999999,0.6913118876162022
1071,55,HR,1,27387.0,27,3,1,Night,1,0-6,1,0,8216.1,0.7903536696346316
1072,52,Sales,36,52434.0,13,5,4,Rotational,0,24+,0,0,15730.199999999999,0.2459803119864418
1073,44,HR,25,41644.0,29,3,5,Rotational,1,24+,1,0,12493.199999999999,0.5667503429696313
1074,34,Sales,37,45270.0,16,4,4,Rotational,0,24+,0,0,13581.0,0.2801303741697598
1075,52,Sales,1,31068.0,31,2,4,Night,1,0-6,1,1,9320.4,0.8591793027381593
1076,36,Tech,15,34641.0,5,4,2,Rotational,0,12-24,0,0,10392.3,0.45330500894858866
1077,24,Operations,37,48603.0,23,3,5,Night,0,24+,0,0,14580.9,0.2245561771839984
1078,57,HR,13,34767.0,5,3,4,Night,0,12-24,0,0,10430.1,0.41028072126872556
1079,41,Sales,40,52835.0,26,3,4,Day,0,24+,1,0,15850.5,0.46821393324016003
1080,34,HR,8,34410.0,17,1,5,Day,0,6-12,0,1,10323.0,0.5928990383762295
1081,51,Operations,5,28934.0,23,2,5,Rotational,1,0-6,0,1,8680.199999999999,0.651940373759242
1082,38,Operations,9,32709.0,36,4,1,Night,1,6-12,1,0,9812.699999999999,0.7407597921488001
1083,27,Finance,1,32615.0,23,4,2,Day,0,0-6,0,0,9784.5,0.46846025939237657
1084,30,Operations,36,51861.0,37,5,5,Rotational,0,24+,1,0,15558.3,0.45985712175473087
1085,27,Tech,35,47364.0,33,3,5,Day,0,24+,1,0,14209.199999999999,0.48849279430559056
1086,53,Sales,2,27867.0,39,3,3,Day,1,0-6,1,0,8360.1,0.7429237088794763
1087,43,Finance,40,53162.0,14,3,5,Night,1,24+,0,0,15948.599999999999,0.20585894697020723
1088,41,Tech,23,43602.0,10,4,2,Night,0,12-24,0,0,13080.6,0.36001573436221906
1089,39,HR,9,38420.0,21,5,4,Day,0,6-12,0,0,11526.0,0.37597891075961937
1090,39,Sales,34,47871.0,23,1,4,Day,1,24+,0,1,14361.3,0.45102151818157604
1091,56,Operations,46,51438.0,0,2,4,Night,0,24+,0,1,15431.4,0.4424062888281272
1092,49,Sales,14,38551.0,17,1,4,Rotational,0,12-24,0,1,11565.3,0.5760602296175962
1093,38,HR,4,32979.0,11,4,3,Night,1,0-6,0,0,9893.699999999999,0.4559423906762588
1094,22,Finance,30,43275.0,27,3,5,Day,0,24+,1,0,12982.5,0.5378243145883395
1095,21,Finance,31,46096.0,39,2,4,Rotational,0,24+,1,1,13828.8,0.729791764051878
1096,25,Finance,38,48415.0,6,4,1,Day,0,24+,0,0,14524.5,0.3193090910088738
1097,40,Operations,11,37731.0,22,4,4,Rotational,0,6-12,0,0,11319.3,0.3704176582201419
1098,31,Tech,35,48976.0,20,4,5,Day,0,24+,0,0,14692.8,0.23476714144604016
1099,22,Tech,8,30845.0,33,2,4,Rotational,1,6-12,1,1,9253.5,0.8474884278727239
1100,23,Sales,3,28043.0,10,2,3,Rotational,1,0-6,0,1,8412.9,0.7045060078509264
1101,43,Operations,14,36731.0,21,5,2,Day,1,12-24,0,0,11019.3,0.42931512359738694
1102,32,Finance,13,36598.0,34,5,2,Rotational,0,12-24,1,0,10979.4,0.6953784581357962
1103,40,Finance,45,54783.0,28,1,5,Night,1,24+,1,1,16434.899999999998,0.6340701441433357
1104,25,HR,32,47540.0,27,2,2,Day,1,24+,1,1,14262.0,0.765099256352238
1105,57,HR,34,51376.0,17,2,2,Night,0,24+,0,1,15412.8,0.487948176544647
1106,58,Finance,45,51098.0,13,2,1,Day,1,24+,0,1,15329.4,0.5018543417988613
1107,50,Finance,19,37927.0,17,5,5,Rotational,0,12-24,0,0,11378.1,0.3532574640039069
1108,29,Operations,59,56621.0,27,4,5,Rotational,1,24+,1,0,16986.3,0.38638751905902796
1109,54,Tech,38,51248.0,23,3,2,Rotational,0,24+,0,0,15374.4,0.2660385992339348
1110,55,HR,16,38065.0,7,5,2,Day,0,12-24,0,0,11419.5,0.4350637984837439
1111,42,Tech,2,25439.0,7,2,2,Night,1,0-6,0,1,7631.7,0.7515559928068479
1112,44,Operations,40,50606.0,3,5,3,Night,0,24+,0,0,15181.8,0.2781581672490321
1113,37,Finance,17,39298.0,26,1,4,Day,1,12-24,1,1,11789.4,0.7985280691213759
1114,30,Tech,55,57067.0,35,2,3,Day,1,24+,1,1,17120.1,0.6401019679720886
1115,50,Finance,34,47890.0,4,1,5,Night,1,24+,0,1,14367.0,0.45405337211005525
1116,43,Finance,42,47339.0,32,2,1,Night,1,24+,1,1,14201.699999999999,0.7733011743673518
1117,52,Sales,16,42923.0,33,5,4,Night,1,12-24,1,0,12876.9,0.6062166724229036
1118,37,Tech,38,50141.0,29,4,1,Night,1,24+,1,0,15042.3,0.5676719111576798
1119,37,Tech,2,25679.0,7,3,5,Day,0,0-6,0,0,7703.7,0.47471815201532774
1120,34,Finance,2,30982.0,38,1,5,Day,0,0-6,1,1,9294.6,0.834469625998492
1121,29,Operations,26,44220.0,25,5,1,Rotational,0,24+,0,0,13266.0,0.3592969734011188
1122,22,Sales,13,33161.0,36,4,1,Night,1,12-24,1,0,9948.3,0.727627647470477
1123,45,Finance,56,59601.0,33,5,1,Rotational,1,24+,1,0,17880.3,0.46236503889343955
1124,59,HR,47,58543.0,6,1,5,Day,0,24+,0,1,17562.899999999998,0.34444851684329636
1125,29,HR,31,43567.0,39,3,2,Day,1,24+,1,0,13070.1,0.5910466166441796
1126,42,Sales,34,48285.0,27,5,1,Rotational,1,24+,1,0,14485.5,0.6023214931737498
1127,24,Operations,39,50126.0,38,2,4,Night,0,24+,1,1,15037.8,0.6917994847993792
1128,46,Finance,3,34405.0,38,4,5,Night,1,0-6,1,0,10321.5,0.659336876458248
1129,49,Tech,8,33673.0,27,5,3,Night,0,6-12,1,0,10101.9,0.7170619337030004
1130,54,Sales,23,38300.0,13,4,3,Night,1,12-24,0,0,11490.0,0.3853152383844018
1131,43,Operations,14,39713.0,37,2,4,Rotational,0,12-24,1,1,11913.9,0.7979954768743667
1132,57,Tech,56,54978.0,3,3,2,Rotational,0,24+,0,0,16493.399999999998,0.23817363110169917
1133,31,HR,55,62927.0,17,3,1,Day,0,24+,0,0,18878.1,0.18843064999341755
1134,26,HR,27,45182.0,24,2,5,Night,1,24+,0,1,13554.6,0.46473979481211297
1135,38,Tech,54,55203.0,6,4,1,Night,0,24+,0,0,16560.899999999998,0.2538321947649329
1136,41,Sales,29,47826.0,37,5,5,Night,0,24+,1,0,14347.8,0.5115420934232218
1137,56,HR,39,49472.0,27,2,3,Rotational,0,24+,1,1,14841.599999999999,0.7365354902766711
1138,58,Finance,53,55836.0,4,1,1,Night,0,24+,0,1,16750.8,0.44878482804274683
1139,54,Tech,39,47457.0,2,4,4,Rotational,0,24+,0,0,14237.1,0.28130842432185654
1140,37,Tech,1,24865.0,30,3,2,Night,1,0-6,1,0,7459.5,0.7829056370533346
1141,57,HR,17,40313.0,19,2,4,Night,0,12-24,0,1,12093.9,0.5652674866522049
1142,45,Sales,41,45616.0,18,3,2,Day,0,24+,0,0,13684.8,0.3055890059986631
1143,58,Finance,30,42620.0,10,4,1,Night,0,24+,0,0,12786.0,0.38663734925662074
1144,32,Sales,53,57799.0,39,3,1,Night,1,24+,1,0,17339.7,0.45413902659260624
1145,43,Operations,13,34998.0,2,2,2,Day,0,12-24,0,1,10499.4,0.672182657345084
1146,42,Operations,21,40971.0,22,4,3,Rotational,0,12-24,0,0,12291.3,0.3513820061960623
1147,41,HR,19,35859.0,6,1,5,Rotational,1,12-24,0,1,10757.699999999999,0.5790214616515931
1148,47,HR,53,55455.0,22,2,4,Night,1,24+,0,1,16636.5,0.3693764134187875
1149,51,HR,19,39990.0,6,5,4,Rotational,1,12-24,0,0,11997.0,0.3692120239746938
1150,26,Operations,57,55646.0,33,2,4,Night,0,24+,1,1,16693.8,0.6284514190954722
1151,47,Sales,25,47559.0,18,4,1,Day,1,24+,0,0,14267.699999999999,0.33954838100145796
1152,54,Sales,22,39088.0,8,2,4,Day,0,12-24,0,1,11726.4,0.5798033369185727
1153,32,HR,31,49635.0,17,1,5,Night,0,24+,0,1,14890.5,0.4209548235682151
1154,27,Finance,17,37997.0,24,1,5,Day,0,12-24,0,1,11399.1,0.5368745453956751
1155,30,Sales,55,52795.0,13,5,2,Day,0,24+,0,0,15838.5,0.24962601062799572
1156,37,Operations,23,38089.0,24,3,1,Night,1,12-24,0,0,11426.699999999999,0.4043242745158012
1157,46,Tech,32,46528.0,18,4,5,Night,0,24+,0,0,13958.4,0.2610623944772645
1158,41,Tech,10,38098.0,38,4,3,Day,0,6-12,1,0,11429.4,0.6592495074709268
1159,48,Tech,10,40309.0,14,3,1,Rotational,1,6-12,0,0,12092.699999999999,0.4193551753422489
1160,22,Finance,36,48385.0,15,1,1,Rotational,1,24+,0,1,14515.5,0.5143088665524965
1161,21,HR,8,30468.0,26,1,5,Night,1,6-12,1,1,9140.4,0.8365886766307926
1162,56,Operations,54,57835.0,39,2,3,Night,0,24+,1,1,17350.5,0.6408713636053996
1163,46,Finance,52,53524.0,9,5,2,Rotational,0,24+,0,0,16057.199999999999,0.2565553405899269
1164,49,Operations,20,41177.0,3,5,5,Day,0,12-24,0,0,12353.1,0.33928048445699094
1165,41,Operations,32,43176.0,18,5,3,Rotational,0,24+,0,0,12952.8,0.32979369757302257
1166,31,HR,50,48731.0,27,2,1,Rotational,1,24+,1,1,14619.3,0.7560134590918287
1167,31,Tech,14,40951.0,20,5,3,Rotational,0,12-24,0,0,12285.3,0.3669389441731685
1168,56,HR,50,54321.0,13,3,1,Rotational,0,24+,0,0,16296.3,0.25773729633387993
1169,59,Finance,28,44149.0,32,2,5,Night,0,24+,1,1,13244.699999999999,0.7475523218454142
1170,55,Finance,46,55990.0,9,3,5,Night,1,24+,0,0,16797.0,0.1906016512781177
1171,54,Finance,52,61637.0,18,2,4,Day,0,24+,0,1,18491.1,0.3266875807290151
1172,44,HR,53,58660.0,29,5,4,Day,1,24+,1,0,17598.0,0.41135227568740057
1173,42,Operations,24,42309.0,21,3,4,Day,0,12-24,0,0,12692.699999999999,0.3098076417708147
1174,25,Operations,15,38889.0,2,3,5,Day,0,12-24,0,0,11666.699999999999,0.3415631589042083
1175,53,Sales,22,40116.0,36,3,2,Rotational,1,12-24,1,0,12034.8,0.646042424655151
1176,56,Finance,30,45108.0,17,2,5,Night,0,24+,0,1,13532.4,0.4813342913407625
1177,40,Operations,4,32435.0,10,4,3,Night,0,0-6,0,0,9730.5,0.46280673958431995
1178,39,Sales,13,34140.0,1,5,5,Day,0,12-24,0,0,10242.0,0.40698949014128033
1179,55,Operations,59,59564.0,11,3,5,Day,0,24+,0,0,17869.2,0.15929089733600324
1180,37,Finance,23,42601.0,5,4,1,Rotational,0,12-24,0,0,12780.3,0.39395901726925875
1181,54,Tech,8,35551.0,39,5,1,Rotational,1,6-12,1,0,10665.3,0.7309926646192006
1182,29,Finance,18,40312.0,28,5,1,Day,1,12-24,1,0,12093.6,0.6845815521007552
1183,46,HR,12,31983.0,29,3,5,Night,0,6-12,1,0,9594.9,0.6684268561203212
1184,22,Operations,55,61188.0,1,3,2,Night,0,24+,0,0,18356.399999999998,0.19289611008145013
1185,29,Operations,31,48939.0,8,2,3,Night,0,24+,0,1,14681.699999999999,0.49013170772315084
1186,29,HR,14,36712.0,1,4,3,Day,0,12-24,0,0,11013.6,0.4153249126470063
1187,37,HR,34,48367.0,28,4,2,Night,1,24+,1,0,14510.1,0.5679114832947872
1188,21,Tech,18,38350.0,32,3,2,Rotational,1,12-24,1,0,11505.0,0.6580850831720948
1189,45,Operations,56,60256.0,9,5,3,Rotational,0,24+,0,0,18076.8,0.19369133903577607
1190,45,Operations,34,44557.0,33,3,4,Day,0,24+,1,0,13367.1,0.5458828454488068
1191,59,Tech,11,39527.0,7,5,1,Rotational,0,6-12,0,0,11858.1,0.45382851774520333
1192,55,Sales,41,52607.0,36,5,1,Day,0,24+,1,0,15782.099999999999,0.549003315425389
1193,23,Tech,12,38176.0,32,3,3,Night,1,6-12,1,0,11452.8,0.6476136220451512
1194,57,Finance,49,54185.0,5,1,2,Night,1,24+,0,1,16255.5,0.4452543045483873
1195,50,Operations,15,33262.0,39,4,4,Night,0,12-24,1,0,9978.6,0.6733785341256479
1196,58,HR,57,61152.0,18,5,3,Rotational,0,24+,0,0,18345.6,0.18480609129108638
1197,54,Finance,31,41361.0,31,5,1,Day,0,24+,1,0,12408.3,0.6651417082125335
1198,32,Operations,49,57188.0,26,1,5,Night,0,24+,1,1,17156.399999999998,0.6068379278996127
1199,39,Tech,58,56684.0,0,2,2,Day,0,24+,0,1,17005.2,0.41619625318926917
1200,57,Finance,29,39739.0,32,1,5,Night,0,24+,1,1,11921.699999999999,0.7689575804384651
